"2023-04-02 17:47:22",
"2023-01-23 18:05:58",CVE-2018-21234
"2023-01-23 18:05:58",CVE-2020-13949
"2023-01-23 18:05:58",CVE-2021-34538
"2023-03-21 01:24:23",CVE-2020-13949
"2023-03-31 14:11:22",
"2022-09-06 15:55:16",CVE-2014-0228
"2022-09-06 15:55:16",CVE-2016-3083
"2022-09-06 15:55:16",CVE-2018-11777
"2022-09-06 15:55:16",CVE-2018-1282
"2022-09-06 15:55:16",CVE-2018-1284
"2022-09-06 15:55:16",CVE-2018-1314
"2022-09-06 15:55:16",CVE-2020-13949
"2022-09-06 15:55:16",CVE-2020-1926
"2022-09-06 15:55:16",CVE-2021-34538
"2023-03-31 08:50:57",CVE-2018-11777
"2023-03-31 08:50:57",CVE-2018-1282
"2023-03-31 08:50:57",CVE-2018-1284
"2023-03-31 08:50:57",CVE-2018-1314
"2023-03-31 08:50:57",CVE-2020-13949
"2023-03-31 08:50:57",CVE-2020-1926
"2023-03-31 08:50:57",CVE-2021-34538
"2015-08-05 05:48:13",CVE-2014-0228
"2015-08-05 05:48:13",CVE-2018-11777
"2015-08-05 05:48:13",CVE-2018-1282
"2015-08-05 05:48:13",CVE-2018-1284
"2015-08-05 05:48:13",CVE-2018-1314
"2015-08-05 05:48:13",CVE-2020-13949
"2015-08-05 05:48:13",CVE-2020-1926
"2015-08-05 05:48:13",CVE-2021-34538
"2016-05-02 15:58:08",CVE-2014-0228
"2016-05-02 15:58:08",CVE-2018-11777
"2016-05-02 15:58:08",CVE-2018-1282
"2016-05-02 15:58:08",CVE-2018-1284
"2016-05-02 15:58:08",CVE-2018-1314
"2016-05-02 15:58:08",CVE-2020-13949
"2016-05-02 15:58:08",CVE-2020-1926
"2016-05-02 15:58:08",CVE-2021-34538
"2021-04-29 19:52:05",CVE-2015-7521
"2021-04-29 19:52:05",CVE-2016-3083
"2021-04-29 19:52:05",CVE-2018-11777
"2021-04-29 19:52:05",CVE-2018-1282
"2021-04-29 19:52:05",CVE-2018-1284
"2021-04-29 19:52:05",CVE-2018-1314
"2021-04-29 19:52:05",CVE-2020-13949
"2021-04-29 19:52:05",CVE-2020-1926
"2021-04-29 19:52:05",CVE-2021-34538
"2022-10-25 23:52:06",CVE-2015-7521
"2022-10-25 23:52:06",CVE-2016-3083
"2022-10-25 23:52:06",CVE-2018-11777
"2022-10-25 23:52:06",CVE-2018-1282
"2022-10-25 23:52:06",CVE-2018-1284
"2022-10-25 23:52:06",CVE-2018-1314
"2022-10-25 23:52:06",CVE-2020-13949
"2022-10-25 23:52:06",CVE-2020-1926
"2022-10-25 23:52:06",CVE-2021-34538
"2023-04-02 18:03:15",CVE-2018-11777
"2023-04-02 18:03:15",CVE-2018-1314
"2023-04-02 18:03:15",CVE-2020-13949
"2023-04-02 18:03:15",CVE-2021-34538
"2023-03-22 08:20:02",CVE-2014-0228
"2023-03-22 08:20:02",CVE-2018-11777
"2023-03-22 08:20:02",CVE-2018-1282
"2023-03-22 08:20:02",CVE-2018-1284
"2023-03-22 08:20:02",CVE-2018-1314
"2023-03-22 08:20:02",CVE-2020-13949
"2023-03-22 08:20:02",CVE-2020-1926
"2023-03-22 08:20:02",CVE-2021-34538
"2023-04-02 07:55:14",CVE-2020-13949
"2023-04-02 07:55:14",CVE-2020-1926
"2023-04-02 07:55:14",CVE-2021-34538
"2014-11-13 04:32:08",CVE-2016-3083
"2014-11-13 04:32:08",CVE-2018-11777
"2014-11-13 04:32:08",CVE-2018-1282
"2014-11-13 04:32:08",CVE-2018-1284
"2014-11-13 04:32:08",CVE-2018-1314
"2014-11-13 04:32:08",CVE-2020-13949
"2014-11-13 04:32:08",CVE-2020-1926
"2014-11-13 04:32:08",CVE-2021-34538
"2023-03-21 05:16:47",CVE-2015-7521
"2023-03-21 05:16:47",CVE-2016-3083
"2023-03-21 05:16:47",CVE-2018-11777
"2023-03-21 05:16:47",CVE-2018-1282
"2023-03-21 05:16:47",CVE-2018-1284
"2023-03-21 05:16:47",CVE-2018-1314
"2023-03-21 05:16:47",CVE-2020-13949
"2023-03-21 05:16:47",CVE-2020-1926
"2023-03-21 05:16:47",CVE-2021-34538
"2023-02-22 17:26:55",CVE-2014-0228
"2023-02-22 17:26:55",CVE-2018-11777
"2023-02-22 17:26:55",CVE-2018-1282
"2023-02-22 17:26:55",CVE-2018-1284
"2023-02-22 17:26:55",CVE-2018-1314
"2023-02-22 17:26:55",CVE-2020-13949
"2023-02-22 17:26:55",CVE-2020-1926
"2023-02-22 17:26:55",CVE-2021-34538
"2021-02-19 21:25:16",CVE-2014-0228
"2021-02-19 21:25:16",CVE-2018-11777
"2021-02-19 21:25:16",CVE-2018-1282
"2021-02-19 21:25:16",CVE-2018-1284
"2021-02-19 21:25:16",CVE-2018-1314
"2021-02-19 21:25:16",CVE-2020-13949
"2021-02-19 21:25:16",CVE-2020-1926
"2021-02-19 21:25:16",CVE-2021-34538
"2019-09-25 09:44:03",CVE-2015-7521
"2019-09-25 09:44:03",CVE-2016-3083
"2019-09-25 09:44:03",CVE-2018-11777
"2019-09-25 09:44:03",CVE-2018-1282
"2019-09-25 09:44:03",CVE-2018-1284
"2019-09-25 09:44:03",CVE-2018-1314
"2019-09-25 09:44:03",CVE-2020-13949
"2019-09-25 09:44:03",CVE-2020-1926
"2019-09-25 09:44:03",CVE-2021-34538
"2019-05-16 13:18:25",CVE-2018-11777
"2019-05-16 13:18:25",CVE-2018-1314
"2019-05-16 13:18:25",CVE-2020-13949
"2019-05-16 13:18:25",CVE-2021-34538
"2023-02-22 19:01:17",CVE-2018-21234
"2023-02-22 19:01:17",CVE-2020-13949
"2023-02-22 19:01:17",CVE-2021-34538
"2014-04-29 14:20:34",CVE-2014-0228
"2014-04-29 14:20:34",CVE-2018-11777
"2014-04-29 14:20:34",CVE-2018-1282
"2014-04-29 14:20:34",CVE-2018-1284
"2014-04-29 14:20:34",CVE-2018-1314
"2014-04-29 14:20:34",CVE-2020-13949
"2014-04-29 14:20:34",CVE-2020-1926
"2014-04-29 14:20:34",CVE-2021-34538
"2022-12-08 22:44:40",CVE-2020-13949
"2014-11-25 07:44:46",CVE-2016-3083
"2014-11-25 07:44:46",CVE-2018-11777
"2014-11-25 07:44:46",CVE-2018-1282
"2014-11-25 07:44:46",CVE-2018-1284
"2014-11-25 07:44:46",CVE-2018-1314
"2014-11-25 07:44:46",CVE-2020-13949
"2014-11-25 07:44:46",CVE-2020-1926
"2014-11-25 07:44:46",CVE-2021-34538
"2018-10-29 10:07:56",CVE-2015-1772
"2018-10-29 10:07:56",CVE-2015-7521
"2018-10-29 10:07:56",CVE-2016-3083
"2018-10-29 10:07:56",CVE-2018-11777
"2018-10-29 10:07:56",CVE-2018-1282
"2018-10-29 10:07:56",CVE-2018-1284
"2018-10-29 10:07:56",CVE-2018-1314
"2018-10-29 10:07:56",CVE-2020-13949
"2018-10-29 10:07:56",CVE-2020-1926
"2018-10-29 10:07:56",CVE-2021-34538
"2018-11-24 17:05:59",CVE-2020-13949
"2018-11-24 17:05:59",CVE-2021-34538
"2022-06-21 02:56:06",CVE-2015-7521
"2022-06-21 02:56:06",CVE-2016-3083
"2022-06-21 02:56:06",CVE-2018-11777
"2022-06-21 02:56:06",CVE-2018-1282
"2022-06-21 02:56:06",CVE-2018-1284
"2022-06-21 02:56:06",CVE-2018-1314
"2022-06-21 02:56:06",CVE-2020-13949
"2022-06-21 02:56:06",CVE-2020-1926
"2022-06-21 02:56:06",CVE-2021-34538
"2022-10-04 23:54:04",CVE-2018-11777
"2022-10-04 23:54:04",CVE-2018-1314
"2022-10-04 23:54:04",CVE-2020-13949
"2022-10-04 23:54:04",CVE-2021-34538
"2023-03-30 12:40:20",CVE-2015-1772
"2023-03-30 12:40:20",CVE-2015-7521
"2023-03-30 12:40:20",CVE-2016-3083
"2023-03-30 12:40:20",CVE-2018-11777
"2023-03-30 12:40:20",CVE-2018-1282
"2023-03-30 12:40:20",CVE-2018-1284
"2023-03-30 12:40:20",CVE-2018-1314
"2023-03-30 12:40:20",CVE-2020-13949
"2023-03-30 12:40:20",CVE-2020-1926
"2023-03-30 12:40:20",CVE-2021-34538
"2012-12-17 14:04:35",CVE-2014-0228
"2012-12-17 14:04:35",CVE-2018-11777
"2012-12-17 14:04:35",CVE-2018-1282
"2012-12-17 14:04:35",CVE-2018-1284
"2012-12-17 14:04:35",CVE-2018-1314
"2012-12-17 14:04:35",CVE-2020-13949
"2012-12-17 14:04:35",CVE-2020-1926
"2012-12-17 14:04:35",CVE-2021-34538
"2021-03-11 08:36:25",CVE-2020-13949
"2019-02-23 14:11:33",CVE-2018-11777
"2019-02-23 14:11:33",CVE-2018-1282
"2019-02-23 14:11:33",CVE-2018-1284
"2019-02-23 14:11:33",CVE-2018-1314
"2019-02-23 14:11:33",CVE-2020-13949
"2019-02-23 14:11:33",CVE-2020-1926
"2019-02-23 14:11:33",CVE-2021-34538
"2023-02-06 06:35:03",CVE-2015-1772
"2023-02-06 06:35:03",CVE-2015-7521
"2023-02-06 06:35:03",CVE-2016-3083
"2023-02-06 06:35:03",CVE-2018-11777
"2023-02-06 06:35:03",CVE-2018-1282
"2023-02-06 06:35:03",CVE-2018-1284
"2023-02-06 06:35:03",CVE-2018-1314
"2023-02-06 06:35:03",CVE-2020-13949
"2023-02-06 06:35:03",CVE-2020-1926
"2023-02-06 06:35:03",CVE-2021-34538
"2018-11-24 17:08:08",CVE-2020-13949
"2018-11-24 17:08:08",CVE-2021-34538
"2018-04-23 06:02:23",CVE-2017-12625
"2018-04-23 06:02:23",CVE-2018-11777
"2018-04-23 06:02:23",CVE-2018-1282
"2018-04-23 06:02:23",CVE-2018-1284
"2018-04-23 06:02:23",CVE-2018-1314
"2018-04-23 06:02:23",CVE-2018-1315
"2018-04-23 06:02:23",CVE-2020-13949
"2018-04-23 06:02:23",CVE-2020-1926
"2018-04-23 06:02:23",CVE-2021-34538
"2023-02-20 14:54:06",CVE-2020-13949
"2023-02-20 14:54:06",CVE-2020-1926
"2023-02-20 14:54:06",CVE-2021-34538
"2020-10-07 08:35:14",CVE-2017-12625
"2020-10-07 08:35:14",CVE-2018-11777
"2020-10-07 08:35:14",CVE-2018-1282
"2020-10-07 08:35:14",CVE-2018-1284
"2020-10-07 08:35:14",CVE-2018-1314
"2020-10-07 08:35:14",CVE-2018-1315
"2020-10-07 08:35:14",CVE-2020-13949
"2020-10-07 08:35:14",CVE-2020-1926
"2020-10-07 08:35:14",CVE-2021-34538
"2016-04-20 18:16:23",CVE-2014-0228
"2016-04-20 18:16:23",CVE-2018-11777
"2016-04-20 18:16:23",CVE-2018-1282
"2016-04-20 18:16:23",CVE-2018-1284
"2016-04-20 18:16:23",CVE-2018-1314
"2016-04-20 18:16:23",CVE-2020-13949
"2016-04-20 18:16:23",CVE-2020-1926
"2016-04-20 18:16:23",CVE-2021-34538
"2023-04-02 13:37:04",CVE-2020-13949
"2023-02-11 00:41:59",CVE-2018-21234
"2023-02-11 00:41:59",CVE-2020-13949
"2023-02-11 00:41:59",CVE-2021-34538
"2018-11-13 19:46:13",CVE-2015-1772
"2018-11-13 19:46:13",CVE-2015-7521
"2018-11-13 19:46:13",CVE-2016-3083
"2018-11-13 19:46:13",CVE-2018-11777
"2018-11-13 19:46:13",CVE-2018-1282
"2018-11-13 19:46:13",CVE-2018-1284
"2018-11-13 19:46:13",CVE-2018-1314
"2018-11-13 19:46:13",CVE-2020-13949
"2018-11-13 19:46:13",CVE-2020-1926
"2018-11-13 19:46:13",CVE-2021-34538
"2021-03-12 14:20:12",CVE-2020-13949
"2021-03-12 14:20:12",CVE-2020-1926
"2021-03-12 14:20:12",CVE-2021-34538
"2022-10-05 02:19:30",CVE-2014-0228
"2022-10-05 02:19:30",CVE-2018-11777
"2022-10-05 02:19:30",CVE-2018-1282
"2022-10-05 02:19:30",CVE-2018-1284
"2022-10-05 02:19:30",CVE-2018-1314
"2022-10-05 02:19:30",CVE-2020-13949
"2022-10-05 02:19:30",CVE-2020-1926
"2022-10-05 02:19:30",CVE-2021-34538
"2022-06-21 00:46:34",CVE-2018-11777
"2022-06-21 00:46:34",CVE-2018-1314
"2022-06-21 00:46:34",CVE-2020-13949
"2022-06-21 00:46:34",CVE-2021-34538
"2022-07-01 17:37:11",CVE-2015-7521
"2022-07-01 17:37:11",CVE-2016-3083
"2022-07-01 17:37:11",CVE-2018-11777
"2022-07-01 17:37:11",CVE-2018-1282
"2022-07-01 17:37:11",CVE-2018-1284
"2022-07-01 17:37:11",CVE-2018-1314
"2022-07-01 17:37:11",CVE-2020-13949
"2022-07-01 17:37:11",CVE-2020-1926
"2022-07-01 17:37:11",CVE-2021-34538
"2022-06-25 03:41:49",CVE-2015-7521
"2022-06-25 03:41:49",CVE-2016-3083
"2022-06-25 03:41:49",CVE-2018-11777
"2022-06-25 03:41:49",CVE-2018-1282
"2022-06-25 03:41:49",CVE-2018-1284
"2022-06-25 03:41:49",CVE-2018-1314
"2022-06-25 03:41:49",CVE-2020-13949
"2022-06-25 03:41:49",CVE-2020-1926
"2022-06-25 03:41:49",CVE-2021-34538
"2022-06-07 01:59:29",CVE-2018-21234
"2022-06-07 01:59:29",CVE-2020-13949
"2022-06-07 01:59:29",CVE-2021-34538
"2023-03-24 10:56:59",CVE-2020-13949
"2023-03-30 01:49:22",CVE-2017-12625
"2023-03-30 01:49:22",CVE-2018-11777
"2023-03-30 01:49:22",CVE-2018-1282
"2023-03-30 01:49:22",CVE-2018-1284
"2023-03-30 01:49:22",CVE-2018-1314
"2023-03-30 01:49:22",CVE-2018-1315
"2023-03-30 01:49:22",CVE-2020-13949
"2023-03-30 01:49:22",CVE-2020-1926
"2023-03-30 01:49:22",CVE-2021-34538
"2022-02-09 22:38:30",CVE-2020-13949
"2022-02-09 22:38:30",CVE-2020-1926
"2022-02-09 22:38:30",CVE-2021-34538
"2023-02-24 13:00:31",
"2022-12-21 17:23:13",CVE-2018-21234
"2022-12-21 17:23:13",CVE-2020-13949
"2022-12-21 17:23:13",CVE-2021-34538
"2023-03-22 21:25:29",CVE-2018-11777
"2023-03-22 21:25:29",CVE-2018-1314
"2023-03-22 21:25:29",CVE-2020-13949
"2023-03-22 21:25:29",CVE-2021-34538
"2023-03-07 22:56:29",CVE-2020-13949
"2023-03-07 22:56:29",CVE-2021-34538
"2014-05-20 07:30:40",CVE-2014-0228
"2014-05-20 07:30:40",CVE-2018-11777
"2014-05-20 07:30:40",CVE-2018-1282
"2014-05-20 07:30:40",CVE-2018-1284
"2014-05-20 07:30:40",CVE-2018-1314
"2014-05-20 07:30:40",CVE-2020-13949
"2014-05-20 07:30:40",CVE-2020-1926
"2014-05-20 07:30:40",CVE-2021-34538
"2014-04-17 20:26:10",CVE-2014-0228
"2014-04-17 20:26:10",CVE-2018-11777
"2014-04-17 20:26:10",CVE-2018-1282
"2014-04-17 20:26:10",CVE-2018-1284
"2014-04-17 20:26:10",CVE-2018-1314
"2014-04-17 20:26:10",CVE-2020-13949
"2014-04-17 20:26:10",CVE-2020-1926
"2014-04-17 20:26:10",CVE-2021-34538
"2017-08-17 08:57:32",CVE-2015-7521
"2017-08-17 08:57:32",CVE-2016-3083
"2017-08-17 08:57:32",CVE-2018-11777
"2017-08-17 08:57:32",CVE-2018-1282
"2017-08-17 08:57:32",CVE-2018-1284
"2017-08-17 08:57:32",CVE-2018-1314
"2017-08-17 08:57:32",CVE-2020-13949
"2017-08-17 08:57:32",CVE-2020-1926
"2017-08-17 08:57:32",CVE-2021-34538
"2023-03-07 17:06:16",CVE-2018-11777
"2023-03-07 17:06:16",CVE-2018-1282
"2023-03-07 17:06:16",CVE-2018-1284
"2023-03-07 17:06:16",CVE-2018-1314
"2023-03-07 17:06:16",CVE-2020-13949
"2023-03-07 17:06:16",CVE-2020-1926
"2023-03-07 17:06:16",CVE-2021-34538
"2016-03-09 18:33:28",CVE-2014-0228
"2016-03-09 18:33:28",CVE-2018-11777
"2016-03-09 18:33:28",CVE-2018-1282
"2016-03-09 18:33:28",CVE-2018-1284
"2016-03-09 18:33:28",CVE-2018-1314
"2016-03-09 18:33:28",CVE-2020-13949
"2016-03-09 18:33:28",CVE-2020-1926
"2016-03-09 18:33:28",CVE-2021-34538
"2016-06-24 12:21:17",CVE-2015-1772
"2016-06-24 12:21:17",CVE-2015-7521
"2016-06-24 12:21:17",CVE-2016-3083
"2016-06-24 12:21:17",CVE-2018-11777
"2016-06-24 12:21:17",CVE-2018-1282
"2016-06-24 12:21:17",CVE-2018-1284
"2016-06-24 12:21:17",CVE-2018-1314
"2016-06-24 12:21:17",CVE-2020-13949
"2016-06-24 12:21:17",CVE-2020-1926
"2016-06-24 12:21:17",CVE-2021-34538
"2023-03-25 23:58:49",CVE-2020-13949
"2023-03-22 22:55:10",CVE-2020-13949
"2013-11-19 21:09:54",CVE-2014-0228
"2013-11-19 21:09:54",CVE-2018-11777
"2013-11-19 21:09:54",CVE-2018-1282
"2013-11-19 21:09:54",CVE-2018-1284
"2013-11-19 21:09:54",CVE-2018-1314
"2013-11-19 21:09:54",CVE-2020-13949
"2013-11-19 21:09:54",CVE-2020-1926
"2013-11-19 21:09:54",CVE-2021-34538
"2023-02-24 12:36:15",
"2022-03-08 21:16:59",CVE-2020-13949
"2022-03-08 21:16:59",CVE-2021-34538
"2023-03-25 13:56:57",CVE-2020-13949
"2023-03-25 13:56:57",CVE-2020-1926
"2023-03-25 13:56:57",CVE-2021-34538
"2022-07-01 17:37:54",CVE-2015-7521
"2022-07-01 17:37:54",CVE-2016-3083
"2022-07-01 17:37:54",CVE-2018-11777
"2022-07-01 17:37:54",CVE-2018-1282
"2022-07-01 17:37:54",CVE-2018-1284
"2022-07-01 17:37:54",CVE-2018-1314
"2022-07-01 17:37:54",CVE-2020-13949
"2022-07-01 17:37:54",CVE-2020-1926
"2022-07-01 17:37:54",CVE-2021-34538
"2019-10-29 23:41:13",CVE-2014-0228
"2019-10-29 23:41:13",CVE-2018-11777
"2019-10-29 23:41:13",CVE-2018-1282
"2019-10-29 23:41:13",CVE-2018-1284
"2019-10-29 23:41:13",CVE-2018-1314
"2019-10-29 23:41:13",CVE-2020-13949
"2019-10-29 23:41:13",CVE-2020-1926
"2019-10-29 23:41:13",CVE-2021-34538
"2022-04-13 11:30:59",
"2018-07-24 10:52:13",CVE-2014-0228
"2018-07-24 10:52:13",CVE-2018-11777
"2018-07-24 10:52:13",CVE-2018-1282
"2018-07-24 10:52:13",CVE-2018-1284
"2018-07-24 10:52:13",CVE-2018-1314
"2018-07-24 10:52:13",CVE-2020-13949
"2018-07-24 10:52:13",CVE-2020-1926
"2018-07-24 10:52:13",CVE-2021-34538
"2022-10-04 23:57:29",CVE-2015-7521
"2022-10-04 23:57:29",CVE-2016-3083
"2022-10-04 23:57:29",CVE-2018-11777
"2022-10-04 23:57:29",CVE-2018-1282
"2022-10-04 23:57:29",CVE-2018-1284
"2022-10-04 23:57:29",CVE-2018-1314
"2022-10-04 23:57:29",CVE-2020-13949
"2022-10-04 23:57:29",CVE-2020-1926
"2022-10-04 23:57:29",CVE-2021-34538
"2014-07-14 03:06:21",CVE-2016-3083
"2014-07-14 03:06:21",CVE-2018-11777
"2014-07-14 03:06:21",CVE-2018-1282
"2014-07-14 03:06:21",CVE-2018-1284
"2014-07-14 03:06:21",CVE-2018-1314
"2014-07-14 03:06:21",CVE-2020-13949
"2014-07-14 03:06:21",CVE-2020-1926
"2014-07-14 03:06:21",CVE-2021-34538
"2011-05-18 02:27:17",CVE-2014-0228
"2011-05-18 02:27:17",CVE-2018-11777
"2011-05-18 02:27:17",CVE-2018-1282
"2011-05-18 02:27:17",CVE-2018-1284
"2011-05-18 02:27:17",CVE-2018-1314
"2011-05-18 02:27:17",CVE-2020-13949
"2011-05-18 02:27:17",CVE-2020-1926
"2011-05-18 02:27:17",CVE-2021-34538
"2021-05-11 09:42:32",
"2023-04-02 14:08:03",CVE-2018-21234
"2023-04-02 14:08:03",CVE-2020-13949
"2023-04-02 14:08:03",CVE-2021-34538
"2016-09-22 13:26:06",CVE-2015-1772
"2016-09-22 13:26:06",CVE-2015-7521
"2016-09-22 13:26:06",CVE-2016-3083
"2016-09-22 13:26:06",CVE-2018-11777
"2016-09-22 13:26:06",CVE-2018-1282
"2016-09-22 13:26:06",CVE-2018-1284
"2016-09-22 13:26:06",CVE-2018-1314
"2016-09-22 13:26:06",CVE-2020-13949
"2016-09-22 13:26:06",CVE-2020-1926
"2016-09-22 13:26:06",CVE-2021-34538
"2014-09-16 03:16:13",CVE-2014-0228
"2014-09-16 03:16:13",CVE-2018-11777
"2014-09-16 03:16:13",CVE-2018-1282
"2014-09-16 03:16:13",CVE-2018-1284
"2014-09-16 03:16:13",CVE-2018-1314
"2014-09-16 03:16:13",CVE-2020-13949
"2014-09-16 03:16:13",CVE-2020-1926
"2014-09-16 03:16:13",CVE-2021-34538
"2021-10-28 10:07:22",
"2011-11-07 04:22:54",CVE-2014-0228
"2011-11-07 04:22:54",CVE-2018-11777
"2011-11-07 04:22:54",CVE-2018-1282
"2011-11-07 04:22:54",CVE-2018-1284
"2011-11-07 04:22:54",CVE-2018-1314
"2011-11-07 04:22:54",CVE-2020-13949
"2011-11-07 04:22:54",CVE-2020-1926
"2011-11-07 04:22:54",CVE-2021-34538
"2023-01-02 22:13:12",CVE-2018-11777
"2023-01-02 22:13:12",CVE-2018-1282
"2023-01-02 22:13:12",CVE-2018-1284
"2023-01-02 22:13:12",CVE-2018-1314
"2023-01-02 22:13:12",CVE-2020-13949
"2023-01-02 22:13:12",CVE-2020-1926
"2023-01-02 22:13:12",CVE-2021-34538
"2016-04-18 16:15:25",CVE-2014-0228
"2016-04-18 16:15:25",CVE-2016-3083
"2016-04-18 16:15:25",CVE-2018-11777
"2016-04-18 16:15:25",CVE-2018-1282
"2016-04-18 16:15:25",CVE-2018-1284
"2016-04-18 16:15:25",CVE-2018-1314
"2016-04-18 16:15:25",CVE-2020-13949
"2016-04-18 16:15:25",CVE-2020-1926
"2016-04-18 16:15:25",CVE-2021-34538
"2022-04-12 21:55:47",CVE-2015-1772
"2022-04-12 21:55:47",CVE-2015-7521
"2022-04-12 21:55:47",CVE-2016-3083
"2022-04-12 21:55:47",CVE-2018-11777
"2022-04-12 21:55:47",CVE-2018-1282
"2022-04-12 21:55:47",CVE-2018-1284
"2022-04-12 21:55:47",CVE-2018-1314
"2022-04-12 21:55:47",CVE-2020-13949
"2022-04-12 21:55:47",CVE-2020-1926
"2022-04-12 21:55:47",CVE-2021-34538
"2022-07-18 04:05:38",
"2013-09-05 00:13:48",CVE-2014-0228
"2013-09-05 00:13:48",CVE-2018-11777
"2013-09-05 00:13:48",CVE-2018-1282
"2013-09-05 00:13:48",CVE-2018-1284
"2013-09-05 00:13:48",CVE-2018-1314
"2013-09-05 00:13:48",CVE-2020-13949
"2013-09-05 00:13:48",CVE-2020-1926
"2013-09-05 00:13:48",CVE-2021-34538
"2023-03-31 02:00:04",CVE-2017-12625
"2023-03-31 02:00:04",CVE-2018-11777
"2023-03-31 02:00:04",CVE-2018-1282
"2023-03-31 02:00:04",CVE-2018-1284
"2023-03-31 02:00:04",CVE-2018-1314
"2023-03-31 02:00:04",CVE-2018-1315
"2023-03-31 02:00:04",CVE-2020-13949
"2023-03-31 02:00:04",CVE-2020-1926
"2023-03-31 02:00:04",CVE-2021-34538
"2023-02-16 12:34:24",
"2023-03-25 14:25:13",CVE-2018-21234
"2023-03-25 14:25:13",CVE-2020-13949
"2023-03-25 14:25:13",CVE-2021-34538
"2019-05-21 09:23:58",CVE-2020-13949
"2023-02-16 12:34:17",
"2023-02-24 12:06:56",
"2017-06-09 03:18:40",CVE-2015-7521
"2017-06-09 03:18:40",CVE-2016-3083
"2017-06-09 03:18:40",CVE-2018-11777
"2017-06-09 03:18:40",CVE-2018-1282
"2017-06-09 03:18:40",CVE-2018-1284
"2017-06-09 03:18:40",CVE-2018-1314
"2017-06-09 03:18:40",CVE-2020-13949
"2017-06-09 03:18:40",CVE-2020-1926
"2017-06-09 03:18:40",CVE-2021-34538
"2019-05-21 10:56:49",CVE-2018-11777
"2019-05-21 10:56:49",CVE-2018-1314
"2019-05-21 10:56:49",CVE-2020-13949
"2019-05-21 10:56:49",CVE-2021-34538
"2023-03-21 10:40:39",CVE-2020-13949
"2023-03-21 10:40:39",CVE-2021-34538
"2014-06-24 08:10:07",CVE-2014-0228
"2014-06-24 08:10:07",CVE-2018-11777
"2014-06-24 08:10:07",CVE-2018-1282
"2014-06-24 08:10:07",CVE-2018-1284
"2014-06-24 08:10:07",CVE-2018-1314
"2014-06-24 08:10:07",CVE-2020-13949
"2014-06-24 08:10:07",CVE-2020-1926
"2014-06-24 08:10:07",CVE-2021-34538
"2023-02-24 12:36:24",
"2023-03-25 14:22:42",CVE-2020-13949
"2023-03-25 14:22:42",CVE-2020-1926
"2023-03-25 14:22:42",CVE-2021-34538
"2021-01-22 16:55:23",CVE-2020-13949
"2021-01-22 16:55:23",CVE-2020-1926
"2021-01-22 16:55:23",CVE-2021-34538
"2013-02-12 08:53:45",CVE-2014-0228
"2013-02-12 08:53:45",CVE-2018-11777
"2013-02-12 08:53:45",CVE-2018-1282
"2013-02-12 08:53:45",CVE-2018-1284
"2013-02-12 08:53:45",CVE-2018-1314
"2013-02-12 08:53:45",CVE-2020-13949
"2013-02-12 08:53:45",CVE-2020-1926
"2013-02-12 08:53:45",CVE-2021-34538
"2022-05-21 08:16:07",CVE-2020-13949
"2022-05-21 08:16:07",CVE-2020-1926
"2022-05-21 08:16:07",CVE-2021-34538
"2018-11-24 17:07:26",CVE-2020-13949
"2018-11-24 17:07:26",CVE-2021-34538
"2017-01-10 16:53:49",CVE-2014-0228
"2017-01-10 16:53:49",CVE-2018-11777
"2017-01-10 16:53:49",CVE-2018-1282
"2017-01-10 16:53:49",CVE-2018-1284
"2017-01-10 16:53:49",CVE-2018-1314
"2017-01-10 16:53:49",CVE-2020-13949
"2017-01-10 16:53:49",CVE-2020-1926
"2017-01-10 16:53:49",CVE-2021-34538
"2015-12-08 12:23:09",CVE-2014-0228
"2015-12-08 12:23:09",CVE-2018-11777
"2015-12-08 12:23:09",CVE-2018-1282
"2015-12-08 12:23:09",CVE-2018-1284
"2015-12-08 12:23:09",CVE-2018-1314
"2015-12-08 12:23:09",CVE-2020-13949
"2015-12-08 12:23:09",CVE-2020-1926
"2015-12-08 12:23:09",CVE-2021-34538
"2023-03-07 17:06:48",
"2014-10-20 19:03:21",CVE-2014-0228
"2014-10-20 19:03:21",CVE-2016-3083
"2014-10-20 19:03:21",CVE-2018-11777
"2014-10-20 19:03:21",CVE-2018-1282
"2014-10-20 19:03:21",CVE-2018-1284
"2014-10-20 19:03:21",CVE-2018-1314
"2014-10-20 19:03:21",CVE-2020-13949
"2014-10-20 19:03:21",CVE-2020-1926
"2014-10-20 19:03:21",CVE-2021-34538
"2016-05-16 06:23:19",CVE-2018-11777
"2016-05-16 06:23:19",CVE-2018-1314
"2016-05-16 06:23:19",CVE-2020-13949
"2016-05-16 06:23:19",CVE-2021-34538
"2021-12-14 20:42:33",CVE-2018-11777
"2021-12-14 20:42:33",CVE-2018-1282
"2021-12-14 20:42:33",CVE-2018-1284
"2021-12-14 20:42:33",CVE-2018-1314
"2021-12-14 20:42:33",CVE-2018-1315
"2021-12-14 20:42:33",CVE-2020-13949
"2021-12-14 20:42:33",CVE-2020-1926
"2021-12-14 20:42:33",CVE-2021-34538
"2023-03-25 14:30:12",CVE-2020-13949
"2023-03-25 14:30:12",CVE-2020-1926
"2023-03-25 14:30:12",CVE-2021-34538
"2023-03-28 00:57:59",CVE-2018-21234
"2023-03-28 00:57:59",CVE-2020-13949
"2023-03-28 00:57:59",CVE-2021-34538
"2018-08-17 12:25:16",CVE-2017-12625
"2018-08-17 12:25:16",CVE-2018-11777
"2018-08-17 12:25:16",CVE-2018-1282
"2018-08-17 12:25:16",CVE-2018-1284
"2018-08-17 12:25:16",CVE-2018-1314
"2018-08-17 12:25:16",CVE-2018-1315
"2018-08-17 12:25:16",CVE-2020-13949
"2018-08-17 12:25:16",CVE-2020-1926
"2018-08-17 12:25:16",CVE-2021-34538
"2013-11-17 10:43:06",CVE-2018-11777
"2013-11-17 10:43:06",CVE-2018-1282
"2013-11-17 10:43:06",CVE-2018-1284
"2013-11-17 10:43:06",CVE-2018-1314
"2013-11-17 10:43:06",CVE-2020-13949
"2013-11-17 10:43:06",CVE-2020-1926
"2013-11-17 10:43:06",CVE-2021-34538
"2018-07-03 20:15:27",CVE-2018-11777
"2018-07-03 20:15:27",CVE-2018-1282
"2018-07-03 20:15:27",CVE-2018-1284
"2018-07-03 20:15:27",CVE-2018-1314
"2018-07-03 20:15:27",CVE-2020-13949
"2018-07-03 20:15:27",CVE-2020-1926
"2018-07-03 20:15:27",CVE-2021-34538
"2018-10-12 21:52:51",CVE-2017-12625
"2018-10-12 21:52:51",CVE-2018-11777
"2018-10-12 21:52:51",CVE-2018-1282
"2018-10-12 21:52:51",CVE-2018-1284
"2018-10-12 21:52:51",CVE-2018-1314
"2018-10-12 21:52:51",CVE-2018-1315
"2018-10-12 21:52:51",CVE-2020-13949
"2018-10-12 21:52:51",CVE-2020-1926
"2018-10-12 21:52:51",CVE-2021-34538
"2023-03-18 04:12:29",CVE-2020-13949
"2023-03-18 04:12:29",CVE-2021-34538
"2022-11-16 05:53:12",CVE-2018-11777
"2022-11-16 05:53:12",CVE-2018-1282
"2022-11-16 05:53:12",CVE-2018-1284
"2022-11-16 05:53:12",CVE-2018-1314
"2022-11-16 05:53:12",CVE-2018-1315
"2022-11-16 05:53:12",CVE-2020-13949
"2022-11-16 05:53:12",CVE-2020-1926
"2022-11-16 05:53:12",CVE-2021-34538
"2016-03-26 10:24:38",CVE-2014-0228
"2016-03-26 10:24:38",CVE-2016-3083
"2016-03-26 10:24:38",CVE-2018-11777
"2016-03-26 10:24:38",CVE-2018-1282
"2016-03-26 10:24:38",CVE-2018-1284
"2016-03-26 10:24:38",CVE-2018-1314
"2016-03-26 10:24:38",CVE-2020-13949
"2016-03-26 10:24:38",CVE-2020-1926
"2016-03-26 10:24:38",CVE-2021-34538
"2021-10-11 16:26:14",CVE-2020-13949
"2021-10-11 16:26:14",CVE-2020-1926
"2021-10-11 16:26:14",CVE-2021-34538
"2011-02-26 05:06:46",CVE-2014-0228
"2011-02-26 05:06:46",CVE-2018-11777
"2011-02-26 05:06:46",CVE-2018-1284
"2011-02-26 05:06:46",CVE-2018-1314
"2011-02-26 05:06:46",CVE-2020-13949
"2011-02-26 05:06:46",CVE-2020-1926
"2011-02-26 05:06:46",CVE-2021-34538
"2023-04-02 12:43:06",CVE-2020-13949
"2017-05-24 11:52:38",CVE-2014-0228
"2017-05-24 11:52:38",CVE-2016-3083
"2017-05-24 11:52:38",CVE-2018-11777
"2017-05-24 11:52:38",CVE-2018-1282
"2017-05-24 11:52:38",CVE-2018-1284
"2017-05-24 11:52:38",CVE-2018-1314
"2017-05-24 11:52:38",CVE-2020-13949
"2017-05-24 11:52:38",CVE-2020-1926
"2017-05-24 11:52:38",CVE-2021-34538
"2017-02-17 11:17:41",CVE-2016-3083
"2017-02-17 11:17:41",CVE-2018-11777
"2017-02-17 11:17:41",CVE-2018-1282
"2017-02-17 11:17:41",CVE-2018-1284
"2017-02-17 11:17:41",CVE-2018-1314
"2017-02-17 11:17:41",CVE-2020-13949
"2017-02-17 11:17:41",CVE-2020-1926
"2017-02-17 11:17:41",CVE-2021-34538
"2022-09-08 01:05:06",CVE-2020-13949
"2022-09-08 01:05:06",CVE-2020-1926
"2022-09-08 01:05:06",CVE-2021-34538
"2022-10-24 10:12:07",CVE-2020-13949
"2022-10-24 10:12:07",CVE-2020-1926
"2022-10-24 10:12:07",CVE-2021-34538
"2018-10-18 19:07:56",CVE-2018-11777
"2018-10-18 19:07:56",CVE-2018-1314
"2018-10-18 19:07:56",CVE-2020-13949
"2018-10-18 19:07:56",CVE-2021-34538
"2022-05-20 20:55:30",
"2019-05-20 13:55:08",CVE-2018-11777
"2019-05-20 13:55:08",CVE-2018-1314
"2019-05-20 13:55:08",CVE-2020-13949
"2019-05-20 13:55:08",CVE-2021-34538
"2021-12-14 20:42:33",CVE-2018-11777
"2021-12-14 20:42:33",CVE-2018-1282
"2021-12-14 20:42:33",CVE-2018-1284
"2021-12-14 20:42:33",CVE-2018-1314
"2021-12-14 20:42:33",CVE-2018-1315
"2021-12-14 20:42:33",CVE-2020-13949
"2021-12-14 20:42:33",CVE-2020-1926
"2021-12-14 20:42:33",CVE-2021-34538
"2022-12-09 14:30:11",CVE-2020-13949
"2023-03-17 14:31:08",CVE-2018-11777
"2023-03-17 14:31:08",CVE-2018-1314
"2023-03-17 14:31:08",CVE-2020-13949
"2023-03-17 14:31:08",CVE-2021-34538
"2022-12-28 07:10:07",CVE-2017-12625
"2022-12-28 07:10:07",CVE-2018-11777
"2022-12-28 07:10:07",CVE-2018-1282
"2022-12-28 07:10:07",CVE-2018-1284
"2022-12-28 07:10:07",CVE-2018-1314
"2022-12-28 07:10:07",CVE-2018-1315
"2022-12-28 07:10:07",CVE-2020-13949
"2022-12-28 07:10:07",CVE-2020-1926
"2022-12-28 07:10:07",CVE-2021-34538
"2018-02-15 00:58:08",CVE-2016-3083
"2018-02-15 00:58:08",CVE-2018-11777
"2018-02-15 00:58:08",CVE-2018-1282
"2018-02-15 00:58:08",CVE-2018-1284
"2018-02-15 00:58:08",CVE-2018-1314
"2018-02-15 00:58:08",CVE-2020-13949
"2018-02-15 00:58:08",CVE-2020-1926
"2018-02-15 00:58:08",CVE-2021-34538
"2020-05-19 03:18:00",CVE-2020-13949
"2013-11-10 16:33:37",CVE-2014-0228
"2013-11-10 16:33:37",CVE-2018-11777
"2013-11-10 16:33:37",CVE-2018-1282
"2013-11-10 16:33:37",CVE-2018-1284
"2013-11-10 16:33:37",CVE-2018-1314
"2013-11-10 16:33:37",CVE-2020-13949
"2013-11-10 16:33:37",CVE-2020-1926
"2013-11-10 16:33:37",CVE-2021-34538
"2023-03-25 14:32:58",CVE-2020-13949
"2023-03-25 14:32:58",CVE-2020-1926
"2023-03-25 14:32:58",CVE-2021-34538
"2019-05-21 12:27:51",CVE-2018-11777
"2019-05-21 12:27:51",CVE-2018-1314
"2019-05-21 12:27:51",CVE-2020-13949
"2019-05-21 12:27:51",CVE-2021-34538
"2017-02-17 11:16:49",CVE-2016-3083
"2017-02-17 11:16:49",CVE-2018-11777
"2017-02-17 11:16:49",CVE-2018-1282
"2017-02-17 11:16:49",CVE-2018-1284
"2017-02-17 11:16:49",CVE-2018-1314
"2017-02-17 11:16:49",CVE-2020-13949
"2017-02-17 11:16:49",CVE-2020-1926
"2017-02-17 11:16:49",CVE-2021-34538
"2019-05-24 13:00:04",CVE-2018-11777
"2019-05-24 13:00:04",CVE-2018-1314
"2019-05-24 13:00:04",CVE-2020-13949
"2019-05-24 13:00:04",CVE-2021-34538
"2018-06-23 21:47:13",CVE-2015-7521
"2018-06-23 21:47:13",CVE-2016-3083
"2018-06-23 21:47:13",CVE-2018-11777
"2018-06-23 21:47:13",CVE-2018-1282
"2018-06-23 21:47:13",CVE-2018-1284
"2018-06-23 21:47:13",CVE-2018-1314
"2018-06-23 21:47:13",CVE-2020-13949
"2018-06-23 21:47:13",CVE-2020-1926
"2018-06-23 21:47:13",CVE-2021-34538
"2022-07-26 15:49:17",CVE-2014-0228
"2022-07-26 15:49:17",CVE-2016-3083
"2022-07-26 15:49:17",CVE-2018-11777
"2022-07-26 15:49:17",CVE-2018-1282
"2022-07-26 15:49:17",CVE-2018-1284
"2022-07-26 15:49:17",CVE-2018-1314
"2022-07-26 15:49:17",CVE-2020-13949
"2022-07-26 15:49:17",CVE-2020-1926
"2022-07-26 15:49:17",CVE-2021-34538
"2020-10-13 11:15:01",CVE-2018-11777
"2020-10-13 11:15:01",CVE-2018-1314
"2020-10-13 11:15:01",CVE-2020-13949
"2020-10-13 11:15:01",CVE-2021-34538
"2023-02-24 12:36:43",
"2019-10-28 12:52:30",CVE-2018-11777
"2019-10-28 12:52:30",CVE-2018-1282
"2019-10-28 12:52:30",CVE-2018-1284
"2019-10-28 12:52:30",CVE-2018-1314
"2019-10-28 12:52:30",CVE-2020-13949
"2019-10-28 12:52:30",CVE-2020-1926
"2019-10-28 12:52:30",CVE-2021-34538
"2021-08-17 13:38:39",CVE-2018-11777
"2021-08-17 13:38:39",CVE-2018-1314
"2021-08-17 13:38:39",CVE-2020-13949
"2021-08-17 13:38:39",CVE-2021-34538
"2023-03-01 10:22:04",
"2023-03-08 09:41:28",
"2021-07-12 01:28:29",CVE-2020-13949
"2019-05-24 13:06:31",CVE-2018-11777
"2019-05-24 13:06:31",CVE-2018-1314
"2019-05-24 13:06:31",CVE-2020-13949
"2019-05-24 13:06:31",CVE-2021-34538
"2022-11-16 12:21:06",CVE-2020-13949
"2022-11-16 12:21:06",CVE-2020-1926
"2022-11-16 12:21:06",CVE-2021-34538
"2016-10-26 06:02:58",CVE-2018-11777
"2016-10-26 06:02:58",CVE-2018-1282
"2016-10-26 06:02:58",CVE-2018-1284
"2016-10-26 06:02:58",CVE-2018-1314
"2016-10-26 06:02:58",CVE-2020-13949
"2016-10-26 06:02:58",CVE-2020-1926
"2016-10-26 06:02:58",CVE-2021-34538
"2022-06-20 23:14:56",CVE-2014-0228
"2022-06-20 23:14:56",CVE-2018-11777
"2022-06-20 23:14:56",CVE-2018-1282
"2022-06-20 23:14:56",CVE-2018-1284
"2022-06-20 23:14:56",CVE-2018-1314
"2022-06-20 23:14:56",CVE-2020-13949
"2022-06-20 23:14:56",CVE-2020-1926
"2022-06-20 23:14:56",CVE-2021-34538
"2021-08-02 17:29:55",CVE-2015-1772
"2021-08-02 17:29:55",CVE-2015-7521
"2021-08-02 17:29:55",CVE-2016-3083
"2021-08-02 17:29:55",CVE-2018-11777
"2021-08-02 17:29:55",CVE-2018-1282
"2021-08-02 17:29:55",CVE-2018-1284
"2021-08-02 17:29:55",CVE-2018-1314
"2021-08-02 17:29:55",CVE-2020-13949
"2021-08-02 17:29:55",CVE-2020-1926
"2021-08-02 17:29:55",CVE-2021-34538
"2016-03-11 19:12:43",CVE-2015-7521
"2016-03-11 19:12:43",CVE-2016-3083
"2016-03-11 19:12:43",CVE-2018-11777
"2016-03-11 19:12:43",CVE-2018-1282
"2016-03-11 19:12:43",CVE-2018-1284
"2016-03-11 19:12:43",CVE-2018-1314
"2016-03-11 19:12:43",CVE-2020-13949
"2016-03-11 19:12:43",CVE-2020-1926
"2016-03-11 19:12:43",CVE-2021-34538
"2022-08-14 07:40:44",CVE-2015-7521
"2022-08-14 07:40:44",CVE-2016-3083
"2022-08-14 07:40:44",CVE-2018-11777
"2022-08-14 07:40:44",CVE-2018-1282
"2022-08-14 07:40:44",CVE-2018-1284
"2022-08-14 07:40:44",CVE-2018-1314
"2022-08-14 07:40:44",CVE-2020-13949
"2022-08-14 07:40:44",CVE-2020-1926
"2022-08-14 07:40:44",CVE-2021-34538
"2023-01-02 21:55:13",
"2017-07-20 07:40:35",CVE-2018-11777
"2017-07-20 07:40:35",CVE-2018-1282
"2017-07-20 07:40:35",CVE-2018-1284
"2017-07-20 07:40:35",CVE-2018-1314
"2017-07-20 07:40:35",CVE-2020-13949
"2017-07-20 07:40:35",CVE-2020-1926
"2017-07-20 07:40:35",CVE-2021-34538
"2015-02-10 21:05:07",CVE-2014-0228
"2015-02-10 21:05:07",CVE-2018-11777
"2015-02-10 21:05:07",CVE-2018-1282
"2015-02-10 21:05:07",CVE-2018-1284
"2015-02-10 21:05:07",CVE-2018-1314
"2015-02-10 21:05:07",CVE-2020-13949
"2015-02-10 21:05:07",CVE-2020-1926
"2015-02-10 21:05:07",CVE-2021-34538
"2022-12-23 11:32:27",
"2014-01-30 13:42:14",CVE-2018-11777
"2014-01-30 13:42:14",CVE-2018-1282
"2014-01-30 13:42:14",CVE-2018-1284
"2014-01-30 13:42:14",CVE-2018-1314
"2014-01-30 13:42:14",CVE-2020-13949
"2014-01-30 13:42:14",CVE-2020-1926
"2014-01-30 13:42:14",CVE-2021-34538
"2019-05-20 07:41:34",CVE-2018-11777
"2019-05-20 07:41:34",CVE-2018-1282
"2019-05-20 07:41:34",CVE-2018-1284
"2019-05-20 07:41:34",CVE-2018-1314
"2019-05-20 07:41:34",CVE-2018-1315
"2019-05-20 07:41:34",CVE-2020-13949
"2019-05-20 07:41:34",CVE-2020-1926
"2019-05-20 07:41:34",CVE-2021-34538
"2023-03-05 13:05:11",
"2023-02-24 12:36:07",
"2019-09-19 08:20:11",CVE-2018-11777
"2019-09-19 08:20:11",CVE-2018-1314
"2019-09-19 08:20:11",CVE-2020-13949
"2019-09-19 08:20:11",CVE-2021-34538
"2023-02-24 12:35:57",
"2023-02-24 12:37:09",CVE-2017-12625
"2023-02-24 12:37:09",CVE-2018-11777
"2023-02-24 12:37:09",CVE-2018-1282
"2023-02-24 12:37:09",CVE-2018-1284
"2023-02-24 12:37:09",CVE-2018-1314
"2023-02-24 12:37:09",CVE-2018-1315
"2023-02-24 12:37:09",CVE-2020-13949
"2023-02-24 12:37:09",CVE-2020-1926
"2023-02-24 12:37:09",CVE-2021-34538
"2016-07-14 13:41:39",CVE-2015-1772
"2016-07-14 13:41:39",CVE-2015-7521
"2016-07-14 13:41:39",CVE-2016-3083
"2016-07-14 13:41:39",CVE-2018-11777
"2016-07-14 13:41:39",CVE-2018-1282
"2016-07-14 13:41:39",CVE-2018-1284
"2016-07-14 13:41:39",CVE-2018-1314
"2016-07-14 13:41:39",CVE-2020-13949
"2016-07-14 13:41:39",CVE-2020-1926
"2016-07-14 13:41:39",CVE-2021-34538
"2013-08-26 00:38:58",CVE-2014-0228
"2013-08-26 00:38:58",CVE-2018-11777
"2013-08-26 00:38:58",CVE-2018-1282
"2013-08-26 00:38:58",CVE-2018-1284
"2013-08-26 00:38:58",CVE-2018-1314
"2013-08-26 00:38:58",CVE-2020-13949
"2013-08-26 00:38:58",CVE-2020-1926
"2013-08-26 00:38:58",CVE-2021-34538
"2020-07-29 18:19:02",CVE-2018-21234
"2020-07-29 18:19:02",CVE-2020-13949
"2020-07-29 18:19:02",CVE-2021-34538
"2015-07-11 16:47:52",CVE-2015-1772
"2015-07-11 16:47:52",CVE-2015-7521
"2015-07-11 16:47:52",CVE-2016-3083
"2015-07-11 16:47:52",CVE-2018-11777
"2015-07-11 16:47:52",CVE-2018-1282
"2015-07-11 16:47:52",CVE-2018-1284
"2015-07-11 16:47:52",CVE-2018-1314
"2015-07-11 16:47:52",CVE-2020-13949
"2015-07-11 16:47:52",CVE-2020-1926
"2015-07-11 16:47:52",CVE-2021-34538
"2018-07-19 09:08:46",CVE-2018-11777
"2018-07-19 09:08:46",CVE-2018-1314
"2018-07-19 09:08:46",CVE-2020-13949
"2018-07-19 09:08:46",CVE-2021-34538
"2014-09-19 18:56:42",CVE-2016-3083
"2014-09-19 18:56:42",CVE-2018-11777
"2014-09-19 18:56:42",CVE-2018-1282
"2014-09-19 18:56:42",CVE-2018-1284
"2014-09-19 18:56:42",CVE-2018-1314
"2014-09-19 18:56:42",CVE-2020-13949
"2014-09-19 18:56:42",CVE-2020-1926
"2014-09-19 18:56:42",CVE-2021-34538
"2023-03-07 17:07:04",
"2019-05-21 10:13:28",CVE-2018-11777
"2019-05-21 10:13:28",CVE-2018-1314
"2019-05-21 10:13:28",CVE-2020-13949
"2019-05-21 10:13:28",CVE-2021-34538
"2014-06-23 23:19:57",CVE-2016-3083
"2014-06-23 23:19:57",CVE-2018-11777
"2014-06-23 23:19:57",CVE-2018-1282
"2014-06-23 23:19:57",CVE-2018-1284
"2014-06-23 23:19:57",CVE-2018-1314
"2014-06-23 23:19:57",CVE-2020-13949
"2014-06-23 23:19:57",CVE-2020-1926
"2014-06-23 23:19:57",CVE-2021-34538
"2022-01-05 13:37:00",CVE-2015-7521
"2022-01-05 13:37:00",CVE-2016-3083
"2022-01-05 13:37:00",CVE-2018-11777
"2022-01-05 13:37:00",CVE-2018-1282
"2022-01-05 13:37:00",CVE-2018-1284
"2022-01-05 13:37:00",CVE-2018-1314
"2022-01-05 13:37:00",CVE-2020-13949
"2022-01-05 13:37:00",CVE-2020-1926
"2022-01-05 13:37:00",CVE-2021-34538
"2019-05-21 10:16:03",CVE-2018-11777
"2019-05-21 10:16:03",CVE-2018-1314
"2019-05-21 10:16:03",CVE-2020-13949
"2019-05-21 10:16:03",CVE-2021-34538
"2023-01-02 21:55:16",CVE-2017-12625
"2023-01-02 21:55:16",CVE-2018-11777
"2023-01-02 21:55:16",CVE-2018-1282
"2023-01-02 21:55:16",CVE-2018-1284
"2023-01-02 21:55:16",CVE-2018-1314
"2023-01-02 21:55:16",CVE-2018-1315
"2023-01-02 21:55:16",CVE-2020-13949
"2023-01-02 21:55:16",CVE-2020-1926
"2023-01-02 21:55:16",CVE-2021-34538
"2020-09-28 11:21:01",CVE-2017-12625
"2020-09-28 11:21:01",CVE-2018-11777
"2020-09-28 11:21:01",CVE-2018-1282
"2020-09-28 11:21:01",CVE-2018-1284
"2020-09-28 11:21:01",CVE-2018-1314
"2020-09-28 11:21:01",CVE-2018-1315
"2020-09-28 11:21:01",CVE-2020-13949
"2020-09-28 11:21:01",CVE-2020-1926
"2020-09-28 11:21:01",CVE-2021-34538
"2014-12-02 00:01:18",CVE-2014-0228
"2014-12-02 00:01:18",CVE-2016-3083
"2014-12-02 00:01:18",CVE-2018-11777
"2014-12-02 00:01:18",CVE-2018-1282
"2014-12-02 00:01:18",CVE-2018-1284
"2014-12-02 00:01:18",CVE-2018-1314
"2014-12-02 00:01:18",CVE-2020-13949
"2014-12-02 00:01:18",CVE-2020-1926
"2014-12-02 00:01:18",CVE-2021-34538
"2023-01-02 21:55:20",CVE-2017-12625
"2023-01-02 21:55:20",CVE-2018-11777
"2023-01-02 21:55:20",CVE-2018-1282
"2023-01-02 21:55:20",CVE-2018-1284
"2023-01-02 21:55:20",CVE-2018-1314
"2023-01-02 21:55:20",CVE-2018-1315
"2023-01-02 21:55:20",CVE-2020-13949
"2023-01-02 21:55:20",CVE-2020-1926
"2023-01-02 21:55:20",CVE-2021-34538
"2018-11-22 06:56:38",CVE-2015-7521
"2018-11-22 06:56:38",CVE-2016-3083
"2018-11-22 06:56:38",CVE-2018-11777
"2018-11-22 06:56:38",CVE-2018-1282
"2018-11-22 06:56:38",CVE-2018-1284
"2018-11-22 06:56:38",CVE-2018-1314
"2018-11-22 06:56:38",CVE-2020-13949
"2018-11-22 06:56:38",CVE-2020-1926
"2018-11-22 06:56:38",CVE-2021-34538
"2017-11-03 04:02:25",CVE-2018-11777
"2017-11-03 04:02:25",CVE-2018-1282
"2017-11-03 04:02:25",CVE-2018-1284
"2017-11-03 04:02:25",CVE-2018-1314
"2017-11-03 04:02:25",CVE-2020-13949
"2017-11-03 04:02:25",CVE-2020-1926
"2017-11-03 04:02:25",CVE-2021-34538
"2022-06-12 02:40:04",CVE-2017-12625
"2022-06-12 02:40:04",CVE-2018-11777
"2022-06-12 02:40:04",CVE-2018-1282
"2022-06-12 02:40:04",CVE-2018-1284
"2022-06-12 02:40:04",CVE-2018-1314
"2022-06-12 02:40:04",CVE-2018-1315
"2022-06-12 02:40:04",CVE-2020-13949
"2022-06-12 02:40:04",CVE-2020-1926
"2022-06-12 02:40:04",CVE-2021-34538
"2023-02-15 01:27:31",CVE-2018-11777
"2023-02-15 01:27:31",CVE-2018-1314
"2023-02-15 01:27:31",CVE-2020-13949
"2023-02-15 01:27:31",CVE-2021-34538
"2018-03-26 07:52:05",CVE-2015-7521
"2018-03-26 07:52:05",CVE-2016-3083
"2018-03-26 07:52:05",CVE-2018-11777
"2018-03-26 07:52:05",CVE-2018-1282
"2018-03-26 07:52:05",CVE-2018-1284
"2018-03-26 07:52:05",CVE-2018-1314
"2018-03-26 07:52:05",CVE-2020-13949
"2018-03-26 07:52:05",CVE-2020-1926
"2018-03-26 07:52:05",CVE-2021-34538
"2014-11-20 07:49:54",CVE-2016-3083
"2014-11-20 07:49:54",CVE-2018-11777
"2014-11-20 07:49:54",CVE-2018-1282
"2014-11-20 07:49:54",CVE-2018-1284
"2014-11-20 07:49:54",CVE-2018-1314
"2014-11-20 07:49:54",CVE-2020-13949
"2014-11-20 07:49:54",CVE-2020-1926
"2014-11-20 07:49:54",CVE-2021-34538
"2017-05-09 07:55:45",CVE-2018-11777
"2017-05-09 07:55:45",CVE-2018-1314
"2017-05-09 07:55:45",CVE-2020-13949
"2017-05-09 07:55:45",CVE-2021-34538
"2017-05-14 20:01:54",CVE-2015-7521
"2017-05-14 20:01:54",CVE-2016-3083
"2017-05-14 20:01:54",CVE-2018-11777
"2017-05-14 20:01:54",CVE-2018-1282
"2017-05-14 20:01:54",CVE-2018-1284
"2017-05-14 20:01:54",CVE-2018-1314
"2017-05-14 20:01:54",CVE-2020-13949
"2017-05-14 20:01:54",CVE-2020-1926
"2017-05-14 20:01:54",CVE-2021-34538
"2022-10-27 03:15:03",CVE-2018-11777
"2022-10-27 03:15:03",CVE-2018-1314
"2022-10-27 03:15:03",CVE-2020-13949
"2022-10-27 03:15:03",CVE-2021-34538
"2023-01-02 21:55:11",
"2016-01-01 04:35:43",CVE-2016-3083
"2016-01-01 04:35:43",CVE-2018-11777
"2016-01-01 04:35:43",CVE-2018-1282
"2016-01-01 04:35:43",CVE-2018-1284
"2016-01-01 04:35:43",CVE-2018-1314
"2016-01-01 04:35:43",CVE-2020-13949
"2016-01-01 04:35:43",CVE-2020-1926
"2016-01-01 04:35:43",CVE-2021-34538
"2022-10-20 12:00:12",CVE-2018-11777
"2022-10-20 12:00:12",CVE-2018-1314
"2022-10-20 12:00:12",CVE-2020-13949
"2022-10-20 12:00:12",CVE-2021-34538
"2014-09-23 06:20:52",CVE-2016-3083
"2014-09-23 06:20:52",CVE-2018-11777
"2014-09-23 06:20:52",CVE-2018-1282
"2014-09-23 06:20:52",CVE-2018-1284
"2014-09-23 06:20:52",CVE-2018-1314
"2014-09-23 06:20:52",CVE-2020-13949
"2014-09-23 06:20:52",CVE-2020-1926
"2014-09-23 06:20:52",CVE-2021-34538
"2016-06-07 09:50:02",CVE-2015-7521
"2016-06-07 09:50:02",CVE-2016-3083
"2016-06-07 09:50:02",CVE-2018-11777
"2016-06-07 09:50:02",CVE-2018-1282
"2016-06-07 09:50:02",CVE-2018-1284
"2016-06-07 09:50:02",CVE-2018-1314
"2016-06-07 09:50:02",CVE-2020-13949
"2016-06-07 09:50:02",CVE-2020-1926
"2016-06-07 09:50:02",CVE-2021-34538
"2017-08-11 07:21:40",CVE-2018-11777
"2017-08-11 07:21:40",CVE-2018-1314
"2017-08-11 07:21:40",CVE-2020-13949
"2017-08-11 07:21:40",CVE-2021-34538
"2021-08-01 15:23:41",CVE-2015-1772
"2021-08-01 15:23:41",CVE-2015-7521
"2021-08-01 15:23:41",CVE-2016-3083
"2021-08-01 15:23:41",CVE-2018-11777
"2021-08-01 15:23:41",CVE-2018-1282
"2021-08-01 15:23:41",CVE-2018-1284
"2021-08-01 15:23:41",CVE-2018-1314
"2021-08-01 15:23:41",CVE-2020-13949
"2021-08-01 15:23:41",CVE-2020-1926
"2021-08-01 15:23:41",CVE-2021-34538
"2022-01-21 05:04:51",CVE-2017-12625
"2022-01-21 05:04:51",CVE-2018-11777
"2022-01-21 05:04:51",CVE-2018-1282
"2022-01-21 05:04:51",CVE-2018-1284
"2022-01-21 05:04:51",CVE-2018-1314
"2022-01-21 05:04:51",CVE-2018-1315
"2022-01-21 05:04:51",CVE-2020-13949
"2022-01-21 05:04:51",CVE-2020-1926
"2022-01-21 05:04:51",CVE-2021-34538
"2015-05-20 07:47:55",CVE-2014-0228
"2015-05-20 07:47:55",CVE-2018-11777
"2015-05-20 07:47:55",CVE-2018-1282
"2015-05-20 07:47:55",CVE-2018-1284
"2015-05-20 07:47:55",CVE-2018-1314
"2015-05-20 07:47:55",CVE-2020-13949
"2015-05-20 07:47:55",CVE-2020-1926
"2015-05-20 07:47:55",CVE-2021-34538
"2023-01-02 21:55:22",
"2022-07-26 07:43:23",CVE-2018-11777
"2022-07-26 07:43:23",CVE-2018-1314
"2022-07-26 07:43:23",CVE-2020-13949
"2022-07-26 07:43:23",CVE-2021-34538
"2022-06-30 13:52:17",CVE-2018-11777
"2022-06-30 13:52:17",CVE-2018-1314
"2022-06-30 13:52:17",CVE-2020-13949
"2022-06-30 13:52:17",CVE-2021-34538
"2022-11-15 23:52:17",
"2021-08-02 17:25:59",CVE-2015-1772
"2021-08-02 17:25:59",CVE-2015-7521
"2021-08-02 17:25:59",CVE-2016-3083
"2021-08-02 17:25:59",CVE-2018-11777
"2021-08-02 17:25:59",CVE-2018-1282
"2021-08-02 17:25:59",CVE-2018-1284
"2021-08-02 17:25:59",CVE-2018-1314
"2021-08-02 17:25:59",CVE-2020-13949
"2021-08-02 17:25:59",CVE-2020-1926
"2021-08-02 17:25:59",CVE-2021-34538
"2017-10-06 02:46:58",CVE-2015-7521
"2017-10-06 02:46:58",CVE-2016-3083
"2017-10-06 02:46:58",CVE-2018-11777
"2017-10-06 02:46:58",CVE-2018-1282
"2017-10-06 02:46:58",CVE-2018-1284
"2017-10-06 02:46:58",CVE-2018-1314
"2017-10-06 02:46:58",CVE-2020-13949
"2017-10-06 02:46:58",CVE-2020-1926
"2017-10-06 02:46:58",CVE-2021-34538
"2022-02-11 08:33:08",CVE-2015-1772
"2022-02-11 08:33:08",CVE-2015-7521
"2022-02-11 08:33:08",CVE-2016-3083
"2022-02-11 08:33:08",CVE-2018-11777
"2022-02-11 08:33:08",CVE-2018-1282
"2022-02-11 08:33:08",CVE-2018-1284
"2022-02-11 08:33:08",CVE-2018-1314
"2022-02-11 08:33:08",CVE-2020-13949
"2022-02-11 08:33:08",CVE-2020-1926
"2022-02-11 08:33:08",CVE-2021-34538
"2021-06-09 10:42:14",
"2015-12-09 02:11:09",CVE-2014-0228
"2015-12-09 02:11:09",CVE-2018-11777
"2015-12-09 02:11:09",CVE-2018-1282
"2015-12-09 02:11:09",CVE-2018-1284
"2015-12-09 02:11:09",CVE-2018-1314
"2015-12-09 02:11:09",CVE-2020-13949
"2015-12-09 02:11:09",CVE-2020-1926
"2015-12-09 02:11:09",CVE-2021-34538
"2016-10-31 03:18:26",CVE-2014-0228
"2016-10-31 03:18:26",CVE-2018-11777
"2016-10-31 03:18:26",CVE-2018-1282
"2016-10-31 03:18:26",CVE-2018-1284
"2016-10-31 03:18:26",CVE-2018-1314
"2016-10-31 03:18:26",CVE-2020-13949
"2016-10-31 03:18:26",CVE-2020-1926
"2016-10-31 03:18:26",CVE-2021-34538
"2016-08-04 15:31:10",CVE-2015-7521
"2016-08-04 15:31:10",CVE-2016-3083
"2016-08-04 15:31:10",CVE-2018-11777
"2016-08-04 15:31:10",CVE-2018-1282
"2016-08-04 15:31:10",CVE-2018-1284
"2016-08-04 15:31:10",CVE-2018-1314
"2016-08-04 15:31:10",CVE-2020-13949
"2016-08-04 15:31:10",CVE-2020-1926
"2016-08-04 15:31:10",CVE-2021-34538
"2020-05-31 10:18:18",CVE-2020-13949
"2020-05-31 10:18:18",CVE-2021-34538
"2016-03-28 23:02:34",CVE-2014-0228
"2016-03-28 23:02:34",CVE-2018-11777
"2016-03-28 23:02:34",CVE-2018-1282
"2016-03-28 23:02:34",CVE-2018-1284
"2016-03-28 23:02:34",CVE-2018-1314
"2016-03-28 23:02:34",CVE-2020-13949
"2016-03-28 23:02:34",CVE-2020-1926
"2016-03-28 23:02:34",CVE-2021-34538
"2017-10-21 04:18:24",CVE-2017-12625
"2017-10-21 04:18:24",CVE-2018-11777
"2017-10-21 04:18:24",CVE-2018-1282
"2017-10-21 04:18:24",CVE-2018-1284
"2017-10-21 04:18:24",CVE-2018-1314
"2017-10-21 04:18:24",CVE-2018-1315
"2017-10-21 04:18:24",CVE-2020-13949
"2017-10-21 04:18:24",CVE-2020-1926
"2017-10-21 04:18:24",CVE-2021-34538
"2022-11-25 14:25:30",CVE-2018-11777
"2022-11-25 14:25:30",CVE-2018-1314
"2022-11-25 14:25:30",CVE-2020-13949
"2022-11-25 14:25:30",CVE-2021-34538
"2022-10-05 00:00:09",CVE-2016-3083
"2022-10-05 00:00:09",CVE-2018-11777
"2022-10-05 00:00:09",CVE-2018-1282
"2022-10-05 00:00:09",CVE-2018-1284
"2022-10-05 00:00:09",CVE-2018-1314
"2022-10-05 00:00:09",CVE-2020-13949
"2022-10-05 00:00:09",CVE-2020-1926
"2022-10-05 00:00:09",CVE-2021-34538
"2015-10-03 06:04:13",CVE-2015-7521
"2015-10-03 06:04:13",CVE-2016-3083
"2015-10-03 06:04:13",CVE-2018-11777
"2015-10-03 06:04:13",CVE-2018-1282
"2015-10-03 06:04:13",CVE-2018-1284
"2015-10-03 06:04:13",CVE-2018-1314
"2015-10-03 06:04:13",CVE-2020-13949
"2015-10-03 06:04:13",CVE-2020-1926
"2015-10-03 06:04:13",CVE-2021-34538
"2016-12-05 14:01:39",CVE-2015-1772
"2016-12-05 14:01:39",CVE-2015-7521
"2016-12-05 14:01:39",CVE-2016-3083
"2016-12-05 14:01:39",CVE-2018-11777
"2016-12-05 14:01:39",CVE-2018-1282
"2016-12-05 14:01:39",CVE-2018-1284
"2016-12-05 14:01:39",CVE-2018-1314
"2016-12-05 14:01:39",CVE-2020-13949
"2016-12-05 14:01:39",CVE-2020-1926
"2016-12-05 14:01:39",CVE-2021-34538
"2017-04-16 13:40:13",CVE-2015-7521
"2017-04-16 13:40:13",CVE-2016-3083
"2017-04-16 13:40:13",CVE-2018-11777
"2017-04-16 13:40:13",CVE-2018-1282
"2017-04-16 13:40:13",CVE-2018-1284
"2017-04-16 13:40:13",CVE-2018-1314
"2017-04-16 13:40:13",CVE-2020-13949
"2017-04-16 13:40:13",CVE-2020-1926
"2017-04-16 13:40:13",CVE-2021-34538
"2020-12-17 06:54:27",CVE-2014-0228
"2020-12-17 06:54:27",CVE-2018-11777
"2020-12-17 06:54:27",CVE-2018-1282
"2020-12-17 06:54:27",CVE-2018-1284
"2020-12-17 06:54:27",CVE-2018-1314
"2020-12-17 06:54:27",CVE-2020-13949
"2020-12-17 06:54:27",CVE-2020-1926
"2020-12-17 06:54:27",CVE-2021-34538
"2022-05-23 15:38:43",CVE-2017-12625
"2022-05-23 15:38:43",CVE-2018-11777
"2022-05-23 15:38:43",CVE-2018-1282
"2022-05-23 15:38:43",CVE-2018-1284
"2022-05-23 15:38:43",CVE-2018-1314
"2022-05-23 15:38:43",CVE-2018-1315
"2022-05-23 15:38:43",CVE-2020-13949
"2022-05-23 15:38:43",CVE-2020-1926
"2022-05-23 15:38:43",CVE-2021-34538
"2019-01-04 12:51:12",CVE-2015-1772
"2019-01-04 12:51:12",CVE-2015-7521
"2019-01-04 12:51:12",CVE-2016-3083
"2019-01-04 12:51:12",CVE-2018-11777
"2019-01-04 12:51:12",CVE-2018-1282
"2019-01-04 12:51:12",CVE-2018-1284
"2019-01-04 12:51:12",CVE-2018-1314
"2019-01-04 12:51:12",CVE-2020-13949
"2019-01-04 12:51:12",CVE-2020-1926
"2019-01-04 12:51:12",CVE-2021-34538
"2023-02-14 11:45:10",
"2023-01-02 21:55:15",
"2021-11-22 10:30:56",CVE-2018-21234
"2021-11-22 10:30:56",CVE-2020-13949
"2021-11-22 10:30:56",CVE-2021-34538
"2022-10-05 00:10:10",CVE-2015-7521
"2022-10-05 00:10:10",CVE-2016-3083
"2022-10-05 00:10:10",CVE-2018-11777
"2022-10-05 00:10:10",CVE-2018-1282
"2022-10-05 00:10:10",CVE-2018-1284
"2022-10-05 00:10:10",CVE-2018-1314
"2022-10-05 00:10:10",CVE-2020-13949
"2022-10-05 00:10:10",CVE-2020-1926
"2022-10-05 00:10:10",CVE-2021-34538
"2021-06-10 03:18:23",CVE-2020-13949
"2022-07-13 12:02:12",CVE-2018-11777
"2022-07-13 12:02:12",CVE-2018-1314
"2022-07-13 12:02:12",CVE-2020-13949
"2022-07-13 12:02:12",CVE-2021-34538
"2023-01-13 11:19:46",
"2016-10-26 06:35:27",CVE-2017-12625
"2016-10-26 06:35:27",CVE-2018-11777
"2016-10-26 06:35:27",CVE-2018-1282
"2016-10-26 06:35:27",CVE-2018-1284
"2016-10-26 06:35:27",CVE-2018-1314
"2016-10-26 06:35:27",CVE-2018-1315
"2016-10-26 06:35:27",CVE-2020-13949
"2016-10-26 06:35:27",CVE-2020-1926
"2016-10-26 06:35:27",CVE-2021-34538
"2022-06-21 01:31:23",CVE-2017-12625
"2022-06-21 01:31:23",CVE-2018-11777
"2022-06-21 01:31:23",CVE-2018-1282
"2022-06-21 01:31:23",CVE-2018-1284
"2022-06-21 01:31:23",CVE-2018-1314
"2022-06-21 01:31:23",CVE-2018-1315
"2022-06-21 01:31:23",CVE-2020-13949
"2022-06-21 01:31:23",CVE-2020-1926
"2022-06-21 01:31:23",CVE-2021-34538
"2016-12-19 08:11:24",CVE-2015-7521
"2016-12-19 08:11:24",CVE-2016-3083
"2016-12-19 08:11:24",CVE-2018-11777
"2016-12-19 08:11:24",CVE-2018-1282
"2016-12-19 08:11:24",CVE-2018-1284
"2016-12-19 08:11:24",CVE-2018-1314
"2016-12-19 08:11:24",CVE-2020-13949
"2016-12-19 08:11:24",CVE-2020-1926
"2016-12-19 08:11:24",CVE-2021-34538
"2015-04-14 11:48:50",CVE-2016-3083
"2015-04-14 11:48:50",CVE-2018-11777
"2015-04-14 11:48:50",CVE-2018-1282
"2015-04-14 11:48:50",CVE-2018-1284
"2015-04-14 11:48:50",CVE-2018-1314
"2015-04-14 11:48:50",CVE-2020-13949
"2015-04-14 11:48:50",CVE-2020-1926
"2015-04-14 11:48:50",CVE-2021-34538
"2017-07-18 23:49:40",CVE-2017-12625
"2017-07-18 23:49:40",CVE-2018-11777
"2017-07-18 23:49:40",CVE-2018-1282
"2017-07-18 23:49:40",CVE-2018-1284
"2017-07-18 23:49:40",CVE-2018-1314
"2017-07-18 23:49:40",CVE-2018-1315
"2017-07-18 23:49:40",CVE-2020-13949
"2017-07-18 23:49:40",CVE-2020-1926
"2017-07-18 23:49:40",CVE-2021-34538
"2014-10-08 15:56:57",CVE-2014-0228
"2014-10-08 15:56:57",CVE-2016-3083
"2014-10-08 15:56:57",CVE-2018-11777
"2014-10-08 15:56:57",CVE-2018-1282
"2014-10-08 15:56:57",CVE-2018-1284
"2014-10-08 15:56:57",CVE-2018-1314
"2014-10-08 15:56:57",CVE-2020-13949
"2014-10-08 15:56:57",CVE-2020-1926
"2014-10-08 15:56:57",CVE-2021-34538
"2019-02-27 05:30:32",CVE-2017-12625
"2019-02-27 05:30:32",CVE-2018-11777
"2019-02-27 05:30:32",CVE-2018-1282
"2019-02-27 05:30:32",CVE-2018-1284
"2019-02-27 05:30:32",CVE-2018-1314
"2019-02-27 05:30:32",CVE-2018-1315
"2019-02-27 05:30:32",CVE-2020-13949
"2019-02-27 05:30:32",CVE-2020-1926
"2019-02-27 05:30:32",CVE-2021-34538
"2017-06-24 11:33:34",CVE-2015-1772
"2017-06-24 11:33:34",CVE-2015-7521
"2017-06-24 11:33:34",CVE-2016-3083
"2017-06-24 11:33:34",CVE-2018-11777
"2017-06-24 11:33:34",CVE-2018-1282
"2017-06-24 11:33:34",CVE-2018-1284
"2017-06-24 11:33:34",CVE-2018-1314
"2017-06-24 11:33:34",CVE-2020-13949
"2017-06-24 11:33:34",CVE-2020-1926
"2017-06-24 11:33:34",CVE-2021-34538
"2020-02-19 01:46:33",CVE-2015-7521
"2020-02-19 01:46:33",CVE-2016-3083
"2020-02-19 01:46:33",CVE-2018-11777
"2020-02-19 01:46:33",CVE-2018-1282
"2020-02-19 01:46:33",CVE-2018-1284
"2020-02-19 01:46:33",CVE-2018-1314
"2020-02-19 01:46:33",CVE-2020-13949
"2020-02-19 01:46:33",CVE-2020-1926
"2020-02-19 01:46:33",CVE-2021-34538
"2018-03-04 22:38:33",CVE-2015-7521
"2018-03-04 22:38:33",CVE-2016-3083
"2018-03-04 22:38:33",CVE-2018-11777
"2018-03-04 22:38:33",CVE-2018-1282
"2018-03-04 22:38:33",CVE-2018-1284
"2018-03-04 22:38:33",CVE-2018-1314
"2018-03-04 22:38:33",CVE-2020-13949
"2018-03-04 22:38:33",CVE-2020-1926
"2018-03-04 22:38:33",CVE-2021-34538
"2019-02-07 02:54:09",CVE-2014-0228
"2019-02-07 02:54:09",CVE-2016-3083
"2019-02-07 02:54:09",CVE-2018-11777
"2019-02-07 02:54:09",CVE-2018-1282
"2019-02-07 02:54:09",CVE-2018-1284
"2019-02-07 02:54:09",CVE-2018-1314
"2019-02-07 02:54:09",CVE-2020-13949
"2019-02-07 02:54:09",CVE-2020-1926
"2019-02-07 02:54:09",CVE-2021-34538
"2016-01-27 23:27:37",CVE-2018-11777
"2016-01-27 23:27:37",CVE-2018-1282
"2016-01-27 23:27:37",CVE-2018-1284
"2016-01-27 23:27:37",CVE-2018-1314
"2016-01-27 23:27:37",CVE-2020-13949
"2016-01-27 23:27:37",CVE-2020-1926
"2016-01-27 23:27:37",CVE-2021-34538
"2017-05-23 06:45:34",CVE-2017-12625
"2017-05-23 06:45:34",CVE-2018-11777
"2017-05-23 06:45:34",CVE-2018-1282
"2017-05-23 06:45:34",CVE-2018-1284
"2017-05-23 06:45:34",CVE-2018-1314
"2017-05-23 06:45:34",CVE-2018-1315
"2017-05-23 06:45:34",CVE-2020-13949
"2017-05-23 06:45:34",CVE-2020-1926
"2017-05-23 06:45:34",CVE-2021-34538
"2021-04-10 14:11:36",CVE-2018-11777
"2021-04-10 14:11:36",CVE-2018-1314
"2021-04-10 14:11:36",CVE-2020-13949
"2021-04-10 14:11:36",CVE-2020-1926
"2021-04-10 14:11:36",CVE-2021-34538
"2020-07-08 19:17:15",CVE-2014-0228
"2020-07-08 19:17:15",CVE-2016-3083
"2020-07-08 19:17:15",CVE-2018-11777
"2020-07-08 19:17:15",CVE-2018-1282
"2020-07-08 19:17:15",CVE-2018-1284
"2020-07-08 19:17:15",CVE-2018-1314
"2020-07-08 19:17:15",CVE-2020-13949
"2020-07-08 19:17:15",CVE-2020-1926
"2020-07-08 19:17:15",CVE-2021-34538
"2021-07-11 09:19:33",
"2017-03-12 20:13:57",CVE-2015-1772
"2017-03-12 20:13:57",CVE-2015-7521
"2017-03-12 20:13:57",CVE-2016-3083
"2017-03-12 20:13:57",CVE-2018-11777
"2017-03-12 20:13:57",CVE-2018-1282
"2017-03-12 20:13:57",CVE-2018-1284
"2017-03-12 20:13:57",CVE-2018-1314
"2017-03-12 20:13:57",CVE-2020-13949
"2017-03-12 20:13:57",CVE-2020-1926
"2017-03-12 20:13:57",CVE-2021-34538
"2022-06-20 21:31:17",CVE-2020-13949
"2020-01-09 11:07:40",CVE-2020-13949
"2020-01-09 11:07:40",CVE-2020-1926
"2020-01-09 11:07:40",CVE-2021-34538
"2017-12-01 13:27:18",CVE-2016-3083
"2017-12-01 13:27:18",CVE-2018-11777
"2017-12-01 13:27:18",CVE-2018-1282
"2017-12-01 13:27:18",CVE-2018-1284
"2017-12-01 13:27:18",CVE-2018-1314
"2017-12-01 13:27:18",CVE-2020-13949
"2017-12-01 13:27:18",CVE-2020-1926
"2017-12-01 13:27:18",CVE-2021-34538
"2015-05-21 05:55:04",CVE-2016-3083
"2015-05-21 05:55:04",CVE-2018-11777
"2015-05-21 05:55:04",CVE-2018-1282
"2015-05-21 05:55:04",CVE-2018-1284
"2015-05-21 05:55:04",CVE-2018-1314
"2015-05-21 05:55:04",CVE-2020-13949
"2015-05-21 05:55:04",CVE-2020-1926
"2015-05-21 05:55:04",CVE-2021-34538
"2022-05-14 08:55:59",CVE-2018-11777
"2022-05-14 08:55:59",CVE-2018-1282
"2022-05-14 08:55:59",CVE-2018-1284
"2022-05-14 08:55:59",CVE-2018-1314
"2022-05-14 08:55:59",CVE-2020-13949
"2022-05-14 08:55:59",CVE-2020-1926
"2022-05-14 08:55:59",CVE-2021-34538
"2013-03-31 16:50:07",CVE-2014-0228
"2013-03-31 16:50:07",CVE-2018-11777
"2013-03-31 16:50:07",CVE-2018-1282
"2013-03-31 16:50:07",CVE-2018-1284
"2013-03-31 16:50:07",CVE-2018-1314
"2013-03-31 16:50:07",CVE-2020-13949
"2013-03-31 16:50:07",CVE-2020-1926
"2013-03-31 16:50:07",CVE-2021-34538
"2022-06-14 15:09:47",CVE-2018-11777
"2022-06-14 15:09:47",CVE-2018-1282
"2022-06-14 15:09:47",CVE-2018-1284
"2022-06-14 15:09:47",CVE-2018-1314
"2022-06-14 15:09:47",CVE-2020-13949
"2022-06-14 15:09:47",CVE-2020-1926
"2022-06-14 15:09:47",CVE-2021-34538
"2021-08-02 17:29:18",CVE-2015-1772
"2021-08-02 17:29:18",CVE-2015-7521
"2021-08-02 17:29:18",CVE-2016-3083
"2021-08-02 17:29:18",CVE-2018-11777
"2021-08-02 17:29:18",CVE-2018-1282
"2021-08-02 17:29:18",CVE-2018-1284
"2021-08-02 17:29:18",CVE-2018-1314
"2021-08-02 17:29:18",CVE-2020-13949
"2021-08-02 17:29:18",CVE-2020-1926
"2021-08-02 17:29:18",CVE-2021-34538
"2013-09-19 07:05:12",CVE-2014-0228
"2013-09-19 07:05:12",CVE-2018-11777
"2013-09-19 07:05:12",CVE-2018-1282
"2013-09-19 07:05:12",CVE-2018-1284
"2013-09-19 07:05:12",CVE-2018-1314
"2013-09-19 07:05:12",CVE-2020-13949
"2013-09-19 07:05:12",CVE-2020-1926
"2013-09-19 07:05:12",CVE-2021-34538
"2020-11-13 12:27:41",CVE-2015-1772
"2020-11-13 12:27:41",CVE-2015-7521
"2020-11-13 12:27:41",CVE-2016-3083
"2020-11-13 12:27:41",CVE-2018-11777
"2020-11-13 12:27:41",CVE-2018-1282
"2020-11-13 12:27:41",CVE-2018-1284
"2020-11-13 12:27:41",CVE-2018-1314
"2020-11-13 12:27:41",CVE-2020-13949
"2020-11-13 12:27:41",CVE-2020-1926
"2020-11-13 12:27:41",CVE-2021-34538
"2022-10-04 23:58:25",CVE-2015-7521
"2022-10-04 23:58:25",CVE-2016-3083
"2022-10-04 23:58:25",CVE-2018-11777
"2022-10-04 23:58:25",CVE-2018-1282
"2022-10-04 23:58:25",CVE-2018-1284
"2022-10-04 23:58:25",CVE-2018-1314
"2022-10-04 23:58:25",CVE-2020-13949
"2022-10-04 23:58:25",CVE-2020-1926
"2022-10-04 23:58:25",CVE-2021-34538
"2022-08-14 10:16:48",CVE-2018-11777
"2022-08-14 10:16:48",CVE-2018-1314
"2022-08-14 10:16:48",CVE-2020-13949
"2022-08-14 10:16:48",CVE-2021-34538
"2018-09-07 11:39:38",CVE-2015-1772
"2018-09-07 11:39:38",CVE-2015-7521
"2018-09-07 11:39:38",CVE-2016-3083
"2018-09-07 11:39:38",CVE-2018-11777
"2018-09-07 11:39:38",CVE-2018-1282
"2018-09-07 11:39:38",CVE-2018-1284
"2018-09-07 11:39:38",CVE-2018-1314
"2018-09-07 11:39:38",CVE-2020-13949
"2018-09-07 11:39:38",CVE-2020-1926
"2018-09-07 11:39:38",CVE-2021-34538
"2016-07-07 04:14:21",CVE-2018-11777
"2016-07-07 04:14:21",CVE-2018-1282
"2016-07-07 04:14:21",CVE-2018-1284
"2016-07-07 04:14:21",CVE-2018-1314
"2016-07-07 04:14:21",CVE-2020-13949
"2016-07-07 04:14:21",CVE-2020-1926
"2016-07-07 04:14:21",CVE-2021-34538
"2018-10-19 17:40:23",CVE-2018-11777
"2018-10-19 17:40:23",CVE-2018-1314
"2018-10-19 17:40:23",CVE-2020-13949
"2018-10-19 17:40:23",CVE-2021-34538
"2022-08-11 21:19:20",CVE-2020-13949
"2022-08-11 21:19:20",CVE-2021-34538
"2022-06-21 06:22:22",CVE-2017-12625
"2022-06-21 06:22:22",CVE-2018-11777
"2022-06-21 06:22:22",CVE-2018-1282
"2022-06-21 06:22:22",CVE-2018-1284
"2022-06-21 06:22:22",CVE-2018-1314
"2022-06-21 06:22:22",CVE-2018-1315
"2022-06-21 06:22:22",CVE-2020-13949
"2022-06-21 06:22:22",CVE-2020-1926
"2022-06-21 06:22:22",CVE-2021-34538
"2019-01-02 11:10:35",CVE-2016-3083
"2019-01-02 11:10:35",CVE-2018-11777
"2019-01-02 11:10:35",CVE-2018-1282
"2019-01-02 11:10:35",CVE-2018-1284
"2019-01-02 11:10:35",CVE-2018-1314
"2019-01-02 11:10:35",CVE-2020-13949
"2019-01-02 11:10:35",CVE-2020-1926
"2019-01-02 11:10:35",CVE-2021-34538
"2020-05-23 03:44:46",CVE-2018-11777
"2020-05-23 03:44:46",CVE-2018-1314
"2020-05-23 03:44:46",CVE-2020-13949
"2020-05-23 03:44:46",CVE-2021-34538
"2017-06-05 21:28:29",CVE-2018-11777
"2017-06-05 21:28:29",CVE-2018-1314
"2017-06-05 21:28:29",CVE-2020-13949
"2017-06-05 21:28:29",CVE-2021-34538
"2022-05-13 13:54:12",
"2017-10-11 21:48:30",CVE-2017-12625
"2017-10-11 21:48:30",CVE-2018-11777
"2017-10-11 21:48:30",CVE-2018-1282
"2017-10-11 21:48:30",CVE-2018-1284
"2017-10-11 21:48:30",CVE-2018-1314
"2017-10-11 21:48:30",CVE-2018-1315
"2017-10-11 21:48:30",CVE-2020-13949
"2017-10-11 21:48:30",CVE-2020-1926
"2017-10-11 21:48:30",CVE-2021-34538
"2019-06-21 15:21:19",CVE-2015-7521
"2019-06-21 15:21:19",CVE-2016-3083
"2019-06-21 15:21:19",CVE-2018-11777
"2019-06-21 15:21:19",CVE-2018-1282
"2019-06-21 15:21:19",CVE-2018-1284
"2019-06-21 15:21:19",CVE-2018-1314
"2019-06-21 15:21:19",CVE-2020-13949
"2019-06-21 15:21:19",CVE-2020-1926
"2019-06-21 15:21:19",CVE-2021-34538
"2022-05-31 14:42:30",CVE-2018-11777
"2022-05-31 14:42:30",CVE-2018-1314
"2022-05-31 14:42:30",CVE-2020-13949
"2022-05-31 14:42:30",CVE-2021-34538
"2022-07-13 02:51:24",CVE-2020-13949
"2022-07-13 02:51:24",CVE-2021-34538
"2015-09-10 21:41:49",CVE-2015-1772
"2015-09-10 21:41:49",CVE-2015-7521
"2015-09-10 21:41:49",CVE-2016-3083
"2015-09-10 21:41:49",CVE-2018-11777
"2015-09-10 21:41:49",CVE-2018-1282
"2015-09-10 21:41:49",CVE-2018-1284
"2015-09-10 21:41:49",CVE-2018-1314
"2015-09-10 21:41:49",CVE-2020-13949
"2015-09-10 21:41:49",CVE-2020-1926
"2015-09-10 21:41:49",CVE-2021-34538
"2017-02-28 17:06:23",CVE-2015-1772
"2017-02-28 17:06:23",CVE-2015-7521
"2017-02-28 17:06:23",CVE-2016-3083
"2017-02-28 17:06:23",CVE-2018-11777
"2017-02-28 17:06:23",CVE-2018-1282
"2017-02-28 17:06:23",CVE-2018-1284
"2017-02-28 17:06:23",CVE-2018-1314
"2017-02-28 17:06:23",CVE-2020-13949
"2017-02-28 17:06:23",CVE-2020-1926
"2017-02-28 17:06:23",CVE-2021-34538
"2021-04-05 04:43:34",CVE-2015-7521
"2021-04-05 04:43:34",CVE-2016-3083
"2021-04-05 04:43:34",CVE-2018-11777
"2021-04-05 04:43:34",CVE-2018-1282
"2021-04-05 04:43:34",CVE-2018-1284
"2021-04-05 04:43:34",CVE-2018-1314
"2021-04-05 04:43:34",CVE-2020-13949
"2021-04-05 04:43:34",CVE-2020-1926
"2021-04-05 04:43:34",CVE-2021-34538
"2023-03-27 09:25:59",CVE-2018-11777
"2023-03-27 09:25:59",CVE-2018-1314
"2023-03-27 09:25:59",CVE-2020-13949
"2023-03-27 09:25:59",CVE-2021-34538
"2018-03-16 01:11:26",CVE-2017-12625
"2018-03-16 01:11:26",CVE-2018-11777
"2018-03-16 01:11:26",CVE-2018-1282
"2018-03-16 01:11:26",CVE-2018-1284
"2018-03-16 01:11:26",CVE-2018-1314
"2018-03-16 01:11:26",CVE-2018-1315
"2018-03-16 01:11:26",CVE-2020-13949
"2018-03-16 01:11:26",CVE-2020-1926
"2018-03-16 01:11:26",CVE-2021-34538
"2017-05-25 03:10:18",CVE-2017-12625
"2017-05-25 03:10:18",CVE-2018-11777
"2017-05-25 03:10:18",CVE-2018-1282
"2017-05-25 03:10:18",CVE-2018-1284
"2017-05-25 03:10:18",CVE-2018-1314
"2017-05-25 03:10:18",CVE-2018-1315
"2017-05-25 03:10:18",CVE-2020-13949
"2017-05-25 03:10:18",CVE-2020-1926
"2017-05-25 03:10:18",CVE-2021-34538
"2022-03-08 19:25:24",CVE-2020-13949
"2022-03-08 19:25:24",CVE-2021-34538
"2015-12-11 07:24:00",CVE-2015-1772
"2015-12-11 07:24:00",CVE-2015-7521
"2015-12-11 07:24:00",CVE-2016-3083
"2015-12-11 07:24:00",CVE-2018-11777
"2015-12-11 07:24:00",CVE-2018-1282
"2015-12-11 07:24:00",CVE-2018-1284
"2015-12-11 07:24:00",CVE-2018-1314
"2015-12-11 07:24:00",CVE-2020-13949
"2015-12-11 07:24:00",CVE-2020-1926
"2015-12-11 07:24:00",CVE-2021-34538
"2018-02-22 02:44:06",CVE-2018-11777
"2018-02-22 02:44:06",CVE-2018-1282
"2018-02-22 02:44:06",CVE-2018-1284
"2018-02-22 02:44:06",CVE-2018-1314
"2018-02-22 02:44:06",CVE-2018-1315
"2018-02-22 02:44:06",CVE-2020-13949
"2018-02-22 02:44:06",CVE-2020-1926
"2018-02-22 02:44:06",CVE-2021-34538
"2022-04-12 21:55:59",CVE-2016-3083
"2022-04-12 21:55:59",CVE-2018-11777
"2022-04-12 21:55:59",CVE-2018-1282
"2022-04-12 21:55:59",CVE-2018-1284
"2022-04-12 21:55:59",CVE-2018-1314
"2022-04-12 21:55:59",CVE-2020-13949
"2022-04-12 21:55:59",CVE-2020-1926
"2022-04-12 21:55:59",CVE-2021-34538
"2021-08-02 17:25:27",CVE-2015-1772
"2021-08-02 17:25:27",CVE-2015-7521
"2021-08-02 17:25:27",CVE-2016-3083
"2021-08-02 17:25:27",CVE-2018-11777
"2021-08-02 17:25:27",CVE-2018-1282
"2021-08-02 17:25:27",CVE-2018-1284
"2021-08-02 17:25:27",CVE-2018-1314
"2021-08-02 17:25:27",CVE-2020-13949
"2021-08-02 17:25:27",CVE-2020-1926
"2021-08-02 17:25:27",CVE-2021-34538
"2023-02-17 20:34:36",CVE-2018-11777
"2023-02-17 20:34:36",CVE-2018-1282
"2023-02-17 20:34:36",CVE-2018-1284
"2023-02-17 20:34:36",CVE-2018-1314
"2023-02-17 20:34:36",CVE-2020-13949
"2023-02-17 20:34:36",CVE-2020-1926
"2023-02-17 20:34:36",CVE-2021-34538
"2017-03-16 08:36:51",CVE-2015-7521
"2017-03-16 08:36:51",CVE-2016-3083
"2017-03-16 08:36:51",CVE-2018-11777
"2017-03-16 08:36:51",CVE-2018-1282
"2017-03-16 08:36:51",CVE-2018-1284
"2017-03-16 08:36:51",CVE-2018-1314
"2017-03-16 08:36:51",CVE-2020-13949
"2017-03-16 08:36:51",CVE-2020-1926
"2017-03-16 08:36:51",CVE-2021-34538
"2021-06-17 07:57:08",CVE-2016-3083
"2021-06-17 07:57:08",CVE-2018-11777
"2021-06-17 07:57:08",CVE-2018-1282
"2021-06-17 07:57:08",CVE-2018-1284
"2021-06-17 07:57:08",CVE-2018-1314
"2021-06-17 07:57:08",CVE-2020-13949
"2021-06-17 07:57:08",CVE-2020-1926
"2021-06-17 07:57:08",CVE-2021-34538
"2015-04-13 11:30:30",CVE-2016-3083
"2015-04-13 11:30:30",CVE-2018-11777
"2015-04-13 11:30:30",CVE-2018-1282
"2015-04-13 11:30:30",CVE-2018-1284
"2015-04-13 11:30:30",CVE-2018-1314
"2015-04-13 11:30:30",CVE-2020-13949
"2015-04-13 11:30:30",CVE-2020-1926
"2015-04-13 11:30:30",CVE-2021-34538
"2019-05-22 15:26:01",CVE-2014-0228
"2019-05-22 15:26:01",CVE-2018-11777
"2019-05-22 15:26:01",CVE-2018-1282
"2019-05-22 15:26:01",CVE-2018-1284
"2019-05-22 15:26:01",CVE-2018-1314
"2019-05-22 15:26:01",CVE-2020-13949
"2019-05-22 15:26:01",CVE-2020-1926
"2019-05-22 15:26:01",CVE-2021-34538
"2021-05-25 22:45:54",CVE-2020-13949
"2021-05-25 22:45:54",CVE-2020-1926
"2021-05-25 22:45:54",CVE-2021-34538
"2023-03-30 03:32:53",CVE-2020-13949
"2020-10-22 08:11:22",
"2020-07-21 09:38:37",CVE-2020-13949
"2020-07-21 09:38:37",CVE-2020-1926
"2020-07-21 09:38:37",CVE-2021-34538
"2020-11-24 11:50:50",CVE-2015-1772
"2020-11-24 11:50:50",CVE-2015-7521
"2020-11-24 11:50:50",CVE-2016-3083
"2020-11-24 11:50:50",CVE-2018-11777
"2020-11-24 11:50:50",CVE-2018-1282
"2020-11-24 11:50:50",CVE-2018-1284
"2020-11-24 11:50:50",CVE-2018-1314
"2020-11-24 11:50:50",CVE-2020-13949
"2020-11-24 11:50:50",CVE-2020-1926
"2020-11-24 11:50:50",CVE-2021-34538
"2016-09-14 06:56:00",CVE-2014-0228
"2016-09-14 06:56:00",CVE-2018-11777
"2016-09-14 06:56:00",CVE-2018-1282
"2016-09-14 06:56:00",CVE-2018-1284
"2016-09-14 06:56:00",CVE-2018-1314
"2016-09-14 06:56:00",CVE-2020-13949
"2016-09-14 06:56:00",CVE-2020-1926
"2016-09-14 06:56:00",CVE-2021-34538
"2022-07-07 22:11:09",
"2021-05-25 23:48:15",CVE-2020-13949
"2021-05-25 23:48:15",CVE-2020-1926
"2021-05-25 23:48:15",CVE-2021-34538
"2022-06-27 16:14:59",CVE-2014-0228
"2022-06-27 16:14:59",CVE-2018-11777
"2022-06-27 16:14:59",CVE-2018-1282
"2022-06-27 16:14:59",CVE-2018-1284
"2022-06-27 16:14:59",CVE-2018-1314
"2022-06-27 16:14:59",CVE-2020-13949
"2022-06-27 16:14:59",CVE-2020-1926
"2022-06-27 16:14:59",CVE-2021-34538
"2023-03-30 15:27:53",
"2023-03-09 20:28:40",CVE-2018-11777
"2023-03-09 20:28:40",CVE-2018-1282
"2023-03-09 20:28:40",CVE-2018-1284
"2023-03-09 20:28:40",CVE-2018-1314
"2023-03-09 20:28:40",CVE-2020-13949
"2023-03-09 20:28:40",CVE-2020-1926
"2023-03-09 20:28:40",CVE-2021-34538
"2016-03-14 01:02:42",CVE-2018-11777
"2016-03-14 01:02:42",CVE-2018-1314
"2016-03-14 01:02:42",CVE-2020-13949
"2016-03-14 01:02:42",CVE-2021-34538
"2014-02-03 14:44:35",CVE-2014-0228
"2014-02-03 14:44:35",CVE-2016-3083
"2014-02-03 14:44:35",CVE-2018-11777
"2014-02-03 14:44:35",CVE-2018-1282
"2014-02-03 14:44:35",CVE-2018-1284
"2014-02-03 14:44:35",CVE-2018-1314
"2014-02-03 14:44:35",CVE-2020-13949
"2014-02-03 14:44:35",CVE-2020-1926
"2014-02-03 14:44:35",CVE-2021-34538
"2019-01-28 13:07:33",CVE-2015-7521
"2019-01-28 13:07:33",CVE-2016-3083
"2019-01-28 13:07:33",CVE-2018-11777
"2019-01-28 13:07:33",CVE-2018-1282
"2019-01-28 13:07:33",CVE-2018-1284
"2019-01-28 13:07:33",CVE-2018-1314
"2019-01-28 13:07:33",CVE-2020-13949
"2019-01-28 13:07:33",CVE-2020-1926
"2019-01-28 13:07:33",CVE-2021-34538
"2020-02-03 03:42:57",CVE-2016-3083
"2020-02-03 03:42:57",CVE-2018-11777
"2020-02-03 03:42:57",CVE-2018-1282
"2020-02-03 03:42:57",CVE-2018-1284
"2020-02-03 03:42:57",CVE-2018-1314
"2020-02-03 03:42:57",CVE-2020-13949
"2020-02-03 03:42:57",CVE-2020-1926
"2020-02-03 03:42:57",CVE-2021-34538
"2020-09-29 13:39:30",CVE-2017-12625
"2020-09-29 13:39:30",CVE-2018-11777
"2020-09-29 13:39:30",CVE-2018-1282
"2020-09-29 13:39:30",CVE-2018-1284
"2020-09-29 13:39:30",CVE-2018-1314
"2020-09-29 13:39:30",CVE-2018-1315
"2020-09-29 13:39:30",CVE-2020-13949
"2020-09-29 13:39:30",CVE-2020-1926
"2020-09-29 13:39:30",CVE-2021-34538
"2016-09-08 11:06:27",CVE-2015-7521
"2016-09-08 11:06:27",CVE-2016-3083
"2016-09-08 11:06:27",CVE-2018-11777
"2016-09-08 11:06:27",CVE-2018-1282
"2016-09-08 11:06:27",CVE-2018-1284
"2016-09-08 11:06:27",CVE-2018-1314
"2016-09-08 11:06:27",CVE-2020-13949
"2016-09-08 11:06:27",CVE-2020-1926
"2016-09-08 11:06:27",CVE-2021-34538
"2015-05-15 20:39:34",CVE-2014-0228
"2015-05-15 20:39:34",CVE-2018-11777
"2015-05-15 20:39:34",CVE-2018-1282
"2015-05-15 20:39:34",CVE-2018-1284
"2015-05-15 20:39:34",CVE-2018-1314
"2015-05-15 20:39:34",CVE-2020-13949
"2015-05-15 20:39:34",CVE-2020-1926
"2015-05-15 20:39:34",CVE-2021-34538
"2018-10-31 08:01:25",CVE-2018-11777
"2018-10-31 08:01:25",CVE-2018-1314
"2018-10-31 08:01:25",CVE-2020-13949
"2018-10-31 08:01:25",CVE-2021-34538
"2018-10-19 05:22:25",CVE-2018-11777
"2018-10-19 05:22:25",CVE-2018-1314
"2018-10-19 05:22:25",CVE-2020-13949
"2018-10-19 05:22:25",CVE-2021-34538
"2023-01-02 21:56:17",CVE-2017-12625
"2023-01-02 21:56:17",CVE-2018-11777
"2023-01-02 21:56:17",CVE-2018-1282
"2023-01-02 21:56:17",CVE-2018-1284
"2023-01-02 21:56:17",CVE-2018-1314
"2023-01-02 21:56:17",CVE-2018-1315
"2023-01-02 21:56:17",CVE-2020-13949
"2023-01-02 21:56:17",CVE-2020-1926
"2023-01-02 21:56:17",CVE-2021-34538
"2022-04-12 21:55:42",CVE-2015-1772
"2022-04-12 21:55:42",CVE-2015-7521
"2022-04-12 21:55:42",CVE-2016-3083
"2022-04-12 21:55:42",CVE-2018-11777
"2022-04-12 21:55:42",CVE-2018-1282
"2022-04-12 21:55:42",CVE-2018-1284
"2022-04-12 21:55:42",CVE-2018-1314
"2022-04-12 21:55:42",CVE-2020-13949
"2022-04-12 21:55:42",CVE-2020-1926
"2022-04-12 21:55:42",CVE-2021-34538
"2016-03-19 10:42:21",CVE-2018-11777
"2016-03-19 10:42:21",CVE-2018-1314
"2016-03-19 10:42:21",CVE-2020-13949
"2016-03-19 10:42:21",CVE-2021-34538
"2021-12-04 04:48:00",CVE-2015-7521
"2021-12-04 04:48:00",CVE-2016-3083
"2021-12-04 04:48:00",CVE-2018-11777
"2021-12-04 04:48:00",CVE-2018-1282
"2021-12-04 04:48:00",CVE-2018-1284
"2021-12-04 04:48:00",CVE-2018-1314
"2021-12-04 04:48:00",CVE-2020-13949
"2021-12-04 04:48:00",CVE-2020-1926
"2021-12-04 04:48:00",CVE-2021-34538
"2022-01-27 14:21:04",CVE-2014-0228
"2022-01-27 14:21:04",CVE-2016-3083
"2022-01-27 14:21:04",CVE-2018-11777
"2022-01-27 14:21:04",CVE-2018-1282
"2022-01-27 14:21:04",CVE-2018-1284
"2022-01-27 14:21:04",CVE-2018-1314
"2022-01-27 14:21:04",CVE-2020-13949
"2022-01-27 14:21:04",CVE-2020-1926
"2022-01-27 14:21:04",CVE-2021-34538
"2021-09-27 13:25:16",CVE-2018-11777
"2021-09-27 13:25:16",CVE-2018-1282
"2021-09-27 13:25:16",CVE-2018-1284
"2021-09-27 13:25:16",CVE-2018-1314
"2021-09-27 13:25:16",CVE-2020-13949
"2021-09-27 13:25:16",CVE-2020-1926
"2021-09-27 13:25:16",CVE-2021-34538
"2022-11-22 07:14:20",CVE-2015-7521
"2022-11-22 07:14:20",CVE-2016-3083
"2022-11-22 07:14:20",CVE-2018-11777
"2022-11-22 07:14:20",CVE-2018-1282
"2022-11-22 07:14:20",CVE-2018-1284
"2022-11-22 07:14:20",CVE-2018-1314
"2022-11-22 07:14:20",CVE-2020-13949
"2022-11-22 07:14:20",CVE-2020-1926
"2022-11-22 07:14:20",CVE-2021-34538
"2019-03-27 08:24:09",CVE-2018-11777
"2019-03-27 08:24:09",CVE-2018-1314
"2019-03-27 08:24:09",CVE-2020-13949
"2019-03-27 08:24:09",CVE-2021-34538
"2020-10-13 16:28:03",
"2021-03-19 15:50:23",CVE-2020-13949
"2022-06-03 14:49:57",CVE-2017-12625
"2022-06-03 14:49:57",CVE-2018-11777
"2022-06-03 14:49:57",CVE-2018-1282
"2022-06-03 14:49:57",CVE-2018-1284
"2022-06-03 14:49:57",CVE-2018-1314
"2022-06-03 14:49:57",CVE-2018-1315
"2022-06-03 14:49:57",CVE-2020-13949
"2022-06-03 14:49:57",CVE-2020-1926
"2022-06-03 14:49:57",CVE-2021-34538
"2023-03-12 13:20:39",CVE-2018-11777
"2023-03-12 13:20:39",CVE-2018-1282
"2023-03-12 13:20:39",CVE-2018-1284
"2023-03-12 13:20:39",CVE-2018-1314
"2023-03-12 13:20:39",CVE-2020-13949
"2023-03-12 13:20:39",CVE-2020-1926
"2023-03-12 13:20:39",CVE-2021-34538
"2017-05-17 18:51:10",CVE-2018-11777
"2017-05-17 18:51:10",CVE-2018-1314
"2017-05-17 18:51:10",CVE-2020-13949
"2017-05-17 18:51:10",CVE-2021-34538
"2020-10-12 23:44:15",CVE-2020-13949
"2022-05-12 13:20:05",CVE-2018-11777
"2022-05-12 13:20:05",CVE-2018-1314
"2022-05-12 13:20:05",CVE-2020-13949
"2022-05-12 13:20:05",CVE-2021-34538
"2017-11-28 07:44:58",CVE-2017-12625
"2017-11-28 07:44:58",CVE-2018-11777
"2017-11-28 07:44:58",CVE-2018-1282
"2017-11-28 07:44:58",CVE-2018-1284
"2017-11-28 07:44:58",CVE-2018-1314
"2017-11-28 07:44:58",CVE-2018-1315
"2017-11-28 07:44:58",CVE-2020-13949
"2017-11-28 07:44:58",CVE-2020-1926
"2017-11-28 07:44:58",CVE-2021-34538
"2015-11-26 07:13:34",CVE-2016-3083
"2015-11-26 07:13:34",CVE-2018-11777
"2015-11-26 07:13:34",CVE-2018-1282
"2015-11-26 07:13:34",CVE-2018-1284
"2015-11-26 07:13:34",CVE-2018-1314
"2015-11-26 07:13:34",CVE-2020-13949
"2015-11-26 07:13:34",CVE-2020-1926
"2015-11-26 07:13:34",CVE-2021-34538
"2022-10-24 08:58:27",CVE-2017-12625
"2022-10-24 08:58:27",CVE-2018-11777
"2022-10-24 08:58:27",CVE-2018-1282
"2022-10-24 08:58:27",CVE-2018-1284
"2022-10-24 08:58:27",CVE-2018-1314
"2022-10-24 08:58:27",CVE-2018-1315
"2022-10-24 08:58:27",CVE-2020-13949
"2022-10-24 08:58:27",CVE-2020-1926
"2022-10-24 08:58:27",CVE-2021-34538
"2017-05-10 09:55:38",CVE-2017-12625
"2017-05-10 09:55:38",CVE-2018-11777
"2017-05-10 09:55:38",CVE-2018-1282
"2017-05-10 09:55:38",CVE-2018-1284
"2017-05-10 09:55:38",CVE-2018-1314
"2017-05-10 09:55:38",CVE-2018-1315
"2017-05-10 09:55:38",CVE-2020-13949
"2017-05-10 09:55:38",CVE-2020-1926
"2017-05-10 09:55:38",CVE-2021-34538
"2020-10-06 09:40:52",
"2019-11-05 16:27:43",CVE-2015-1772
"2019-11-05 16:27:43",CVE-2015-7521
"2019-11-05 16:27:43",CVE-2016-3083
"2019-11-05 16:27:43",CVE-2018-11777
"2019-11-05 16:27:43",CVE-2018-1282
"2019-11-05 16:27:43",CVE-2018-1284
"2019-11-05 16:27:43",CVE-2018-1314
"2019-11-05 16:27:43",CVE-2020-13949
"2019-11-05 16:27:43",CVE-2020-1926
"2019-11-05 16:27:43",CVE-2021-34538
"2022-07-01 17:43:05",CVE-2014-0228
"2022-07-01 17:43:05",CVE-2018-11777
"2022-07-01 17:43:05",CVE-2018-1282
"2022-07-01 17:43:05",CVE-2018-1284
"2022-07-01 17:43:05",CVE-2018-1314
"2022-07-01 17:43:05",CVE-2020-13949
"2022-07-01 17:43:05",CVE-2020-1926
"2022-07-01 17:43:05",CVE-2021-34538
"2021-03-26 09:07:20",CVE-2018-11777
"2021-03-26 09:07:20",CVE-2018-1314
"2021-03-26 09:07:20",CVE-2020-13949
"2021-03-26 09:07:20",CVE-2021-34538
"2023-02-08 16:46:30",CVE-2017-12625
"2023-02-08 16:46:30",CVE-2018-11777
"2023-02-08 16:46:30",CVE-2018-1282
"2023-02-08 16:46:30",CVE-2018-1284
"2023-02-08 16:46:30",CVE-2018-1314
"2023-02-08 16:46:30",CVE-2018-1315
"2023-02-08 16:46:30",CVE-2020-13949
"2023-02-08 16:46:30",CVE-2020-1926
"2023-02-08 16:46:30",CVE-2021-34538
"2022-04-18 11:31:14",CVE-2018-11777
"2022-04-18 11:31:14",CVE-2018-1282
"2022-04-18 11:31:14",CVE-2018-1284
"2022-04-18 11:31:14",CVE-2018-1314
"2022-04-18 11:31:14",CVE-2020-13949
"2022-04-18 11:31:14",CVE-2020-1926
"2022-04-18 11:31:14",CVE-2021-34538
"2023-03-20 09:32:55",CVE-2020-13949
"2022-07-01 17:43:34",CVE-2015-7521
"2022-07-01 17:43:34",CVE-2016-3083
"2022-07-01 17:43:34",CVE-2018-11777
"2022-07-01 17:43:34",CVE-2018-1282
"2022-07-01 17:43:34",CVE-2018-1284
"2022-07-01 17:43:34",CVE-2018-1314
"2022-07-01 17:43:34",CVE-2020-13949
"2022-07-01 17:43:34",CVE-2020-1926
"2022-07-01 17:43:34",CVE-2021-34538
"2020-12-07 19:56:09",CVE-2018-11777
"2020-12-07 19:56:09",CVE-2018-1314
"2020-12-07 19:56:09",CVE-2020-13949
"2020-12-07 19:56:09",CVE-2020-1926
"2020-12-07 19:56:09",CVE-2021-34538
"2017-06-19 15:42:53",CVE-2015-1772
"2017-06-19 15:42:53",CVE-2015-7521
"2017-06-19 15:42:53",CVE-2016-3083
"2017-06-19 15:42:53",CVE-2018-11777
"2017-06-19 15:42:53",CVE-2018-1282
"2017-06-19 15:42:53",CVE-2018-1284
"2017-06-19 15:42:53",CVE-2018-1314
"2017-06-19 15:42:53",CVE-2020-13949
"2017-06-19 15:42:53",CVE-2020-1926
"2017-06-19 15:42:53",CVE-2021-34538
"2016-02-12 02:17:49",CVE-2014-0228
"2016-02-12 02:17:49",CVE-2018-11777
"2016-02-12 02:17:49",CVE-2018-1282
"2016-02-12 02:17:49",CVE-2018-1284
"2016-02-12 02:17:49",CVE-2018-1314
"2016-02-12 02:17:49",CVE-2020-13949
"2016-02-12 02:17:49",CVE-2020-1926
"2016-02-12 02:17:49",CVE-2021-34538
"2020-10-22 09:56:58",
"2020-12-07 05:45:06",CVE-2015-7521
"2020-12-07 05:45:06",CVE-2016-3083
"2020-12-07 05:45:06",CVE-2018-11777
"2020-12-07 05:45:06",CVE-2018-1282
"2020-12-07 05:45:06",CVE-2018-1284
"2020-12-07 05:45:06",CVE-2018-1314
"2020-12-07 05:45:06",CVE-2020-13949
"2020-12-07 05:45:06",CVE-2020-1926
"2020-12-07 05:45:06",CVE-2021-34538
"2022-06-21 07:08:09",CVE-2018-11777
"2022-06-21 07:08:09",CVE-2018-1282
"2022-06-21 07:08:09",CVE-2018-1284
"2022-06-21 07:08:09",CVE-2018-1314
"2022-06-21 07:08:09",CVE-2020-13949
"2022-06-21 07:08:09",CVE-2020-1926
"2022-06-21 07:08:09",CVE-2021-34538
"2022-12-10 16:38:39",
"2014-12-14 23:59:31",CVE-2016-3083
"2014-12-14 23:59:31",CVE-2018-11777
"2014-12-14 23:59:31",CVE-2018-1282
"2014-12-14 23:59:31",CVE-2018-1284
"2014-12-14 23:59:31",CVE-2018-1314
"2014-12-14 23:59:31",CVE-2020-13949
"2014-12-14 23:59:31",CVE-2020-1926
"2014-12-14 23:59:31",CVE-2021-34538
"2016-06-08 17:36:43",CVE-2018-11777
"2016-06-08 17:36:43",CVE-2018-1282
"2016-06-08 17:36:43",CVE-2018-1284
"2016-06-08 17:36:43",CVE-2018-1314
"2016-06-08 17:36:43",CVE-2020-13949
"2016-06-08 17:36:43",CVE-2020-1926
"2016-06-08 17:36:43",CVE-2021-34538
"2021-10-13 02:39:18",CVE-2018-11777
"2021-10-13 02:39:18",CVE-2018-1314
"2021-10-13 02:39:18",CVE-2020-13949
"2021-10-13 02:39:18",CVE-2021-34538
"2021-02-25 01:30:39",CVE-2018-21234
"2021-02-25 01:30:39",CVE-2020-13949
"2021-02-25 01:30:39",CVE-2021-34538
"2016-06-30 22:15:11",CVE-2017-12625
"2016-06-30 22:15:11",CVE-2018-11777
"2016-06-30 22:15:11",CVE-2018-1282
"2016-06-30 22:15:11",CVE-2018-1284
"2016-06-30 22:15:11",CVE-2018-1314
"2016-06-30 22:15:11",CVE-2018-1315
"2016-06-30 22:15:11",CVE-2020-13949
"2016-06-30 22:15:11",CVE-2020-1926
"2016-06-30 22:15:11",CVE-2021-34538
"2016-02-01 16:17:46",CVE-2014-0228
"2016-02-01 16:17:46",CVE-2016-3083
"2016-02-01 16:17:46",CVE-2018-11777
"2016-02-01 16:17:46",CVE-2018-1282
"2016-02-01 16:17:46",CVE-2018-1284
"2016-02-01 16:17:46",CVE-2018-1314
"2016-02-01 16:17:46",CVE-2020-13949
"2016-02-01 16:17:46",CVE-2020-1926
"2016-02-01 16:17:46",CVE-2021-34538
"2022-09-05 15:44:51",CVE-2017-12625
"2022-09-05 15:44:51",CVE-2018-11777
"2022-09-05 15:44:51",CVE-2018-1282
"2022-09-05 15:44:51",CVE-2018-1284
"2022-09-05 15:44:51",CVE-2018-1314
"2022-09-05 15:44:51",CVE-2018-1315
"2022-09-05 15:44:51",CVE-2020-13949
"2022-09-05 15:44:51",CVE-2020-1926
"2022-09-05 15:44:51",CVE-2021-34538
"2015-07-31 09:41:12",CVE-2017-12625
"2015-07-31 09:41:12",CVE-2018-11777
"2015-07-31 09:41:12",CVE-2018-1282
"2015-07-31 09:41:12",CVE-2018-1284
"2015-07-31 09:41:12",CVE-2018-1314
"2015-07-31 09:41:12",CVE-2018-1315
"2015-07-31 09:41:12",CVE-2020-13949
"2015-07-31 09:41:12",CVE-2020-1926
"2015-07-31 09:41:12",CVE-2021-34538
"2023-03-30 20:48:48",CVE-2018-11777
"2023-03-30 20:48:48",CVE-2018-1282
"2023-03-30 20:48:48",CVE-2018-1284
"2023-03-30 20:48:48",CVE-2018-1314
"2023-03-30 20:48:48",CVE-2020-13949
"2023-03-30 20:48:48",CVE-2020-1926
"2023-03-30 20:48:48",CVE-2021-34538
"2015-05-03 14:18:32",CVE-2014-0228
"2015-05-03 14:18:32",CVE-2018-11777
"2015-05-03 14:18:32",CVE-2018-1282
"2015-05-03 14:18:32",CVE-2018-1284
"2015-05-03 14:18:32",CVE-2018-1314
"2015-05-03 14:18:32",CVE-2020-13949
"2015-05-03 14:18:32",CVE-2020-1926
"2015-05-03 14:18:32",CVE-2021-34538
"2017-12-07 19:00:38",CVE-2017-12625
"2017-12-07 19:00:38",CVE-2018-11777
"2017-12-07 19:00:38",CVE-2018-1282
"2017-12-07 19:00:38",CVE-2018-1284
"2017-12-07 19:00:38",CVE-2018-1314
"2017-12-07 19:00:38",CVE-2018-1315
"2017-12-07 19:00:38",CVE-2020-13949
"2017-12-07 19:00:38",CVE-2020-1926
"2017-12-07 19:00:38",CVE-2021-34538
"2017-03-28 04:49:06",CVE-2015-1772
"2017-03-28 04:49:06",CVE-2015-7521
"2017-03-28 04:49:06",CVE-2016-3083
"2017-03-28 04:49:06",CVE-2018-11777
"2017-03-28 04:49:06",CVE-2018-1282
"2017-03-28 04:49:06",CVE-2018-1284
"2017-03-28 04:49:06",CVE-2018-1314
"2017-03-28 04:49:06",CVE-2020-13949
"2017-03-28 04:49:06",CVE-2020-1926
"2017-03-28 04:49:06",CVE-2021-34538
"2017-07-30 06:49:54",CVE-2015-7521
"2017-07-30 06:49:54",CVE-2016-3083
"2017-07-30 06:49:54",CVE-2018-11777
"2017-07-30 06:49:54",CVE-2018-1282
"2017-07-30 06:49:54",CVE-2018-1284
"2017-07-30 06:49:54",CVE-2018-1314
"2017-07-30 06:49:54",CVE-2020-13949
"2017-07-30 06:49:54",CVE-2020-1926
"2017-07-30 06:49:54",CVE-2021-34538
"2017-11-07 10:24:20",CVE-2016-3083
"2017-11-07 10:24:20",CVE-2018-11777
"2017-11-07 10:24:20",CVE-2018-1282
"2017-11-07 10:24:20",CVE-2018-1284
"2017-11-07 10:24:20",CVE-2018-1314
"2017-11-07 10:24:20",CVE-2020-13949
"2017-11-07 10:24:20",CVE-2020-1926
"2017-11-07 10:24:20",CVE-2021-34538
"2019-04-18 08:06:06",CVE-2020-13949
"2019-04-18 08:06:06",CVE-2020-1926
"2019-04-18 08:06:06",CVE-2021-34538
"2020-10-14 14:09:50",
"2020-10-22 07:51:14",CVE-2017-12625
"2020-10-22 07:51:14",CVE-2018-11777
"2020-10-22 07:51:14",CVE-2018-1282
"2020-10-22 07:51:14",CVE-2018-1284
"2020-10-22 07:51:14",CVE-2018-1314
"2020-10-22 07:51:14",CVE-2018-1315
"2020-10-22 07:51:14",CVE-2020-13949
"2020-10-22 07:51:14",CVE-2020-1926
"2020-10-22 07:51:14",CVE-2021-34538
"2020-10-10 03:45:15",CVE-2018-11777
"2020-10-10 03:45:15",CVE-2018-1282
"2020-10-10 03:45:15",CVE-2018-1284
"2020-10-10 03:45:15",CVE-2018-1314
"2020-10-10 03:45:15",CVE-2020-13949
"2020-10-10 03:45:15",CVE-2020-1926
"2020-10-10 03:45:15",CVE-2021-34538
"2023-01-02 21:56:52",CVE-2018-11777
"2023-01-02 21:56:52",CVE-2018-1314
"2023-01-02 21:56:52",CVE-2020-13949
"2023-01-02 21:56:52",CVE-2021-34538
"2020-11-21 12:05:30",
"2022-05-11 22:55:32",CVE-2020-13949
"2018-11-24 17:08:33",CVE-2020-13949
"2018-11-24 17:08:33",CVE-2021-34538
"2017-02-28 17:01:11",CVE-2015-1772
"2017-02-28 17:01:11",CVE-2015-7521
"2017-02-28 17:01:11",CVE-2016-3083
"2017-02-28 17:01:11",CVE-2018-11777
"2017-02-28 17:01:11",CVE-2018-1282
"2017-02-28 17:01:11",CVE-2018-1284
"2017-02-28 17:01:11",CVE-2018-1314
"2017-02-28 17:01:11",CVE-2020-13949
"2017-02-28 17:01:11",CVE-2020-1926
"2017-02-28 17:01:11",CVE-2021-34538
"2018-08-22 04:15:33",CVE-2018-11777
"2018-08-22 04:15:33",CVE-2018-1314
"2018-08-22 04:15:33",CVE-2020-13949
"2018-08-22 04:15:33",CVE-2021-34538
"2018-06-27 05:00:50",CVE-2018-11777
"2018-06-27 05:00:50",CVE-2018-1314
"2018-06-27 05:00:50",CVE-2020-13949
"2018-06-27 05:00:50",CVE-2021-34538
"2019-01-03 08:11:46",CVE-2017-12625
"2019-01-03 08:11:46",CVE-2018-11777
"2019-01-03 08:11:46",CVE-2018-1282
"2019-01-03 08:11:46",CVE-2018-1284
"2019-01-03 08:11:46",CVE-2018-1314
"2019-01-03 08:11:46",CVE-2018-1315
"2019-01-03 08:11:46",CVE-2020-13949
"2019-01-03 08:11:46",CVE-2020-1926
"2019-01-03 08:11:46",CVE-2021-34538
"2019-01-31 08:24:19",CVE-2015-1772
"2019-01-31 08:24:19",CVE-2015-7521
"2019-01-31 08:24:19",CVE-2016-3083
"2019-01-31 08:24:19",CVE-2018-11777
"2019-01-31 08:24:19",CVE-2018-1282
"2019-01-31 08:24:19",CVE-2018-1284
"2019-01-31 08:24:19",CVE-2018-1314
"2019-01-31 08:24:19",CVE-2020-13949
"2019-01-31 08:24:19",CVE-2020-1926
"2019-01-31 08:24:19",CVE-2021-34538
"2023-04-02 17:01:12",
"2016-07-18 06:39:14",CVE-2018-11777
"2016-07-18 06:39:14",CVE-2018-1314
"2016-07-18 06:39:14",CVE-2020-13949
"2016-07-18 06:39:14",CVE-2021-34538
"2016-11-04 10:42:39",CVE-2015-7521
"2016-11-04 10:42:39",CVE-2016-3083
"2016-11-04 10:42:39",CVE-2018-11777
"2016-11-04 10:42:39",CVE-2018-1282
"2016-11-04 10:42:39",CVE-2018-1284
"2016-11-04 10:42:39",CVE-2018-1314
"2016-11-04 10:42:39",CVE-2020-13949
"2016-11-04 10:42:39",CVE-2020-1926
"2016-11-04 10:42:39",CVE-2021-34538
"2022-09-26 15:00:08",
"2017-11-26 19:38:59",CVE-2020-13949
"2020-06-16 07:52:29",CVE-2020-13949
"2018-09-07 04:00:11",CVE-2018-11777
"2018-09-07 04:00:11",CVE-2018-1282
"2018-09-07 04:00:11",CVE-2018-1284
"2018-09-07 04:00:11",CVE-2018-1314
"2018-09-07 04:00:11",CVE-2020-13949
"2018-09-07 04:00:11",CVE-2020-1926
"2018-09-07 04:00:11",CVE-2021-34538
"2021-12-13 14:53:13",
"2016-04-20 18:20:49",CVE-2015-7521
"2016-04-20 18:20:49",CVE-2016-3083
"2016-04-20 18:20:49",CVE-2018-11777
"2016-04-20 18:20:49",CVE-2018-1282
"2016-04-20 18:20:49",CVE-2018-1284
"2016-04-20 18:20:49",CVE-2018-1314
"2016-04-20 18:20:49",CVE-2020-13949
"2016-04-20 18:20:49",CVE-2020-1926
"2016-04-20 18:20:49",CVE-2021-34538
"2018-10-02 09:26:23",CVE-2020-13949
"2017-02-27 08:28:29",CVE-2018-11777
"2017-02-27 08:28:29",CVE-2018-1314
"2017-02-27 08:28:29",CVE-2020-13949
"2017-02-27 08:28:29",CVE-2021-34538
"2022-06-28 06:47:25",CVE-2018-11777
"2022-06-28 06:47:25",CVE-2018-1314
"2022-06-28 06:47:25",CVE-2020-13949
"2022-06-28 06:47:25",CVE-2021-34538
"2023-02-22 11:31:57",CVE-2014-0228
"2023-02-22 11:31:57",CVE-2018-11777
"2023-02-22 11:31:57",CVE-2018-1282
"2023-02-22 11:31:57",CVE-2018-1284
"2023-02-22 11:31:57",CVE-2018-1314
"2023-02-22 11:31:57",CVE-2020-13949
"2023-02-22 11:31:57",CVE-2020-1926
"2023-02-22 11:31:57",CVE-2021-34538
"2021-01-17 05:29:44",CVE-2015-1772
"2021-01-17 05:29:44",CVE-2015-7521
"2021-01-17 05:29:44",CVE-2016-3083
"2021-01-17 05:29:44",CVE-2018-11777
"2021-01-17 05:29:44",CVE-2018-1282
"2021-01-17 05:29:44",CVE-2018-1284
"2021-01-17 05:29:44",CVE-2018-1314
"2021-01-17 05:29:44",CVE-2020-13949
"2021-01-17 05:29:44",CVE-2020-1926
"2021-01-17 05:29:44",CVE-2021-34538
"2018-08-19 10:09:43",CVE-2015-7521
"2018-08-19 10:09:43",CVE-2016-3083
"2018-08-19 10:09:43",CVE-2018-11777
"2018-08-19 10:09:43",CVE-2018-1282
"2018-08-19 10:09:43",CVE-2018-1284
"2018-08-19 10:09:43",CVE-2018-1314
"2018-08-19 10:09:43",CVE-2020-13949
"2018-08-19 10:09:43",CVE-2020-1926
"2018-08-19 10:09:43",CVE-2021-34538
"2019-04-04 21:51:10",
"2022-08-24 09:42:59",CVE-2017-12625
"2022-08-24 09:42:59",CVE-2018-11777
"2022-08-24 09:42:59",CVE-2018-1282
"2022-08-24 09:42:59",CVE-2018-1284
"2022-08-24 09:42:59",CVE-2018-1314
"2022-08-24 09:42:59",CVE-2018-1315
"2022-08-24 09:42:59",CVE-2020-13949
"2022-08-24 09:42:59",CVE-2020-1926
"2022-08-24 09:42:59",CVE-2021-34538
"2015-11-03 07:50:16",CVE-2015-1772
"2015-11-03 07:50:16",CVE-2015-7521
"2015-11-03 07:50:16",CVE-2016-3083
"2015-11-03 07:50:16",CVE-2018-11777
"2015-11-03 07:50:16",CVE-2018-1282
"2015-11-03 07:50:16",CVE-2018-1284
"2015-11-03 07:50:16",CVE-2018-1314
"2015-11-03 07:50:16",CVE-2020-13949
"2015-11-03 07:50:16",CVE-2020-1926
"2015-11-03 07:50:16",CVE-2021-34538
"2022-12-16 01:38:01",CVE-2017-12625
"2022-12-16 01:38:01",CVE-2018-11777
"2022-12-16 01:38:01",CVE-2018-1282
"2022-12-16 01:38:01",CVE-2018-1284
"2022-12-16 01:38:01",CVE-2018-1314
"2022-12-16 01:38:01",CVE-2018-1315
"2022-12-16 01:38:01",CVE-2020-13949
"2022-12-16 01:38:01",CVE-2020-1926
"2022-12-16 01:38:01",CVE-2021-34538
"2023-03-22 21:25:15",CVE-2017-12625
"2023-03-22 21:25:15",CVE-2018-11777
"2023-03-22 21:25:15",CVE-2018-1282
"2023-03-22 21:25:15",CVE-2018-1284
"2023-03-22 21:25:15",CVE-2018-1314
"2023-03-22 21:25:15",CVE-2018-1315
"2023-03-22 21:25:15",CVE-2020-13949
"2023-03-22 21:25:15",CVE-2020-1926
"2023-03-22 21:25:15",CVE-2021-34538
"2021-05-11 02:33:33",CVE-2017-12625
"2021-05-11 02:33:33",CVE-2018-11777
"2021-05-11 02:33:33",CVE-2018-1282
"2021-05-11 02:33:33",CVE-2018-1284
"2021-05-11 02:33:33",CVE-2018-1314
"2021-05-11 02:33:33",CVE-2018-1315
"2021-05-11 02:33:33",CVE-2020-13949
"2021-05-11 02:33:33",CVE-2020-1926
"2021-05-11 02:33:33",CVE-2021-34538
"2017-04-24 11:53:48",CVE-2018-11777
"2017-04-24 11:53:48",CVE-2018-1314
"2017-04-24 11:53:48",CVE-2020-13949
"2017-04-24 11:53:48",CVE-2021-34538
"2018-07-20 04:06:09",CVE-2015-7521
"2018-07-20 04:06:09",CVE-2016-3083
"2018-07-20 04:06:09",CVE-2018-11777
"2018-07-20 04:06:09",CVE-2018-1282
"2018-07-20 04:06:09",CVE-2018-1284
"2018-07-20 04:06:09",CVE-2018-1314
"2018-07-20 04:06:09",CVE-2020-13949
"2018-07-20 04:06:09",CVE-2020-1926
"2018-07-20 04:06:09",CVE-2021-34538
"2021-01-19 04:00:54",CVE-2017-12625
"2021-01-19 04:00:54",CVE-2018-11777
"2021-01-19 04:00:54",CVE-2018-1282
"2021-01-19 04:00:54",CVE-2018-1284
"2021-01-19 04:00:54",CVE-2018-1314
"2021-01-19 04:00:54",CVE-2018-1315
"2021-01-19 04:00:54",CVE-2020-13949
"2021-01-19 04:00:54",CVE-2020-1926
"2021-01-19 04:00:54",CVE-2021-34538
"2020-11-23 10:38:34",CVE-2015-7521
"2020-11-23 10:38:34",CVE-2016-3083
"2020-11-23 10:38:34",CVE-2018-11777
"2020-11-23 10:38:34",CVE-2018-1282
"2020-11-23 10:38:34",CVE-2018-1284
"2020-11-23 10:38:34",CVE-2018-1314
"2020-11-23 10:38:34",CVE-2020-13949
"2020-11-23 10:38:34",CVE-2020-1926
"2020-11-23 10:38:34",CVE-2021-34538
"2017-05-11 10:05:05",CVE-2017-12625
"2017-05-11 10:05:05",CVE-2018-11777
"2017-05-11 10:05:05",CVE-2018-1282
"2017-05-11 10:05:05",CVE-2018-1284
"2017-05-11 10:05:05",CVE-2018-1314
"2017-05-11 10:05:05",CVE-2018-1315
"2017-05-11 10:05:05",CVE-2020-13949
"2017-05-11 10:05:05",CVE-2020-1926
"2017-05-11 10:05:05",CVE-2021-34538
"2022-08-11 21:14:56",CVE-2018-11777
"2022-08-11 21:14:56",CVE-2018-1314
"2022-08-11 21:14:56",CVE-2020-13949
"2022-08-11 21:14:56",CVE-2021-34538
"2014-02-22 03:45:04",CVE-2014-0228
"2014-02-22 03:45:04",CVE-2018-11777
"2014-02-22 03:45:04",CVE-2018-1282
"2014-02-22 03:45:04",CVE-2018-1284
"2014-02-22 03:45:04",CVE-2018-1314
"2014-02-22 03:45:04",CVE-2020-13949
"2014-02-22 03:45:04",CVE-2020-1926
"2014-02-22 03:45:04",CVE-2021-34538
"2017-09-03 09:18:10",CVE-2015-1772
"2017-09-03 09:18:10",CVE-2015-7521
"2017-09-03 09:18:10",CVE-2016-3083
"2017-09-03 09:18:10",CVE-2018-11777
"2017-09-03 09:18:10",CVE-2018-1282
"2017-09-03 09:18:10",CVE-2018-1284
"2017-09-03 09:18:10",CVE-2018-1314
"2017-09-03 09:18:10",CVE-2020-13949
"2017-09-03 09:18:10",CVE-2020-1926
"2017-09-03 09:18:10",CVE-2021-34538
"2022-04-12 21:58:28",CVE-2020-13949
"2022-04-12 21:58:28",CVE-2020-1926
"2022-04-12 21:58:28",CVE-2021-34538
"2021-04-21 16:54:04",CVE-2016-3083
"2021-04-21 16:54:04",CVE-2018-11777
"2021-04-21 16:54:04",CVE-2018-1282
"2021-04-21 16:54:04",CVE-2018-1284
"2021-04-21 16:54:04",CVE-2018-1314
"2021-04-21 16:54:04",CVE-2020-13949
"2021-04-21 16:54:04",CVE-2020-1926
"2021-04-21 16:54:04",CVE-2021-34538
"2021-10-13 02:18:01",CVE-2018-21234
"2021-10-13 02:18:01",CVE-2020-13949
"2021-10-13 02:18:01",CVE-2021-34538
"2016-10-20 06:37:45",CVE-2015-1772
"2016-10-20 06:37:45",CVE-2015-7521
"2016-10-20 06:37:45",CVE-2016-3083
"2016-10-20 06:37:45",CVE-2018-11777
"2016-10-20 06:37:45",CVE-2018-1282
"2016-10-20 06:37:45",CVE-2018-1284
"2016-10-20 06:37:45",CVE-2018-1314
"2016-10-20 06:37:45",CVE-2020-13949
"2016-10-20 06:37:45",CVE-2020-1926
"2016-10-20 06:37:45",CVE-2021-34538
"2020-08-13 09:27:04",CVE-2020-13949
"2020-08-13 09:27:04",CVE-2021-34538
"2015-12-22 11:00:03",CVE-2015-1772
"2015-12-22 11:00:03",CVE-2015-7521
"2015-12-22 11:00:03",CVE-2016-3083
"2015-12-22 11:00:03",CVE-2018-11777
"2015-12-22 11:00:03",CVE-2018-1282
"2015-12-22 11:00:03",CVE-2018-1284
"2015-12-22 11:00:03",CVE-2018-1314
"2015-12-22 11:00:03",CVE-2020-13949
"2015-12-22 11:00:03",CVE-2020-1926
"2015-12-22 11:00:03",CVE-2021-34538
"2022-04-22 15:08:07",CVE-2018-11777
"2022-04-22 15:08:07",CVE-2018-1314
"2022-04-22 15:08:07",CVE-2020-13949
"2022-04-22 15:08:07",CVE-2020-1926
"2022-04-22 15:08:07",CVE-2021-34538
"2015-07-30 06:44:15",CVE-2015-1772
"2015-07-30 06:44:15",CVE-2015-7521
"2015-07-30 06:44:15",CVE-2016-3083
"2015-07-30 06:44:15",CVE-2018-11777
"2015-07-30 06:44:15",CVE-2018-1282
"2015-07-30 06:44:15",CVE-2018-1284
"2015-07-30 06:44:15",CVE-2018-1314
"2015-07-30 06:44:15",CVE-2020-13949
"2015-07-30 06:44:15",CVE-2020-1926
"2015-07-30 06:44:15",CVE-2021-34538
"2022-11-26 03:39:27",CVE-2018-11777
"2022-11-26 03:39:27",CVE-2018-1314
"2022-11-26 03:39:27",CVE-2020-13949
"2022-11-26 03:39:27",CVE-2020-1926
"2022-11-26 03:39:27",CVE-2021-34538
"2016-09-22 13:26:19",CVE-2015-1772
"2016-09-22 13:26:19",CVE-2015-7521
"2016-09-22 13:26:19",CVE-2016-3083
"2016-09-22 13:26:19",CVE-2018-11777
"2016-09-22 13:26:19",CVE-2018-1282
"2016-09-22 13:26:19",CVE-2018-1284
"2016-09-22 13:26:19",CVE-2018-1314
"2016-09-22 13:26:19",CVE-2020-13949
"2016-09-22 13:26:19",CVE-2020-1926
"2016-09-22 13:26:19",CVE-2021-34538
"2019-01-09 06:42:13",CVE-2018-11777
"2019-01-09 06:42:13",CVE-2018-1282
"2019-01-09 06:42:13",CVE-2018-1284
"2019-01-09 06:42:13",CVE-2018-1314
"2019-01-09 06:42:13",CVE-2020-13949
"2019-01-09 06:42:13",CVE-2020-1926
"2019-01-09 06:42:13",CVE-2021-34538
"2021-08-02 17:22:07",CVE-2015-1772
"2021-08-02 17:22:07",CVE-2015-7521
"2021-08-02 17:22:07",CVE-2016-3083
"2021-08-02 17:22:07",CVE-2018-11777
"2021-08-02 17:22:07",CVE-2018-1282
"2021-08-02 17:22:07",CVE-2018-1284
"2021-08-02 17:22:07",CVE-2018-1314
"2021-08-02 17:22:07",CVE-2020-13949
"2021-08-02 17:22:07",CVE-2020-1926
"2021-08-02 17:22:07",CVE-2021-34538
"2019-05-07 04:52:33",CVE-2015-1772
"2019-05-07 04:52:33",CVE-2015-7521
"2019-05-07 04:52:33",CVE-2016-3083
"2019-05-07 04:52:33",CVE-2018-11777
"2019-05-07 04:52:33",CVE-2018-1282
"2019-05-07 04:52:33",CVE-2018-1284
"2019-05-07 04:52:33",CVE-2018-1314
"2019-05-07 04:52:33",CVE-2020-13949
"2019-05-07 04:52:33",CVE-2020-1926
"2019-05-07 04:52:33",CVE-2021-34538
"2020-06-29 01:22:32",CVE-2015-1772
"2020-06-29 01:22:32",CVE-2015-7521
"2020-06-29 01:22:32",CVE-2016-3083
"2020-06-29 01:22:32",CVE-2018-11777
"2020-06-29 01:22:32",CVE-2018-1282
"2020-06-29 01:22:32",CVE-2018-1284
"2020-06-29 01:22:32",CVE-2018-1314
"2020-06-29 01:22:32",CVE-2020-13949
"2020-06-29 01:22:32",CVE-2020-1926
"2020-06-29 01:22:32",CVE-2021-34538
"2022-11-04 02:46:44",CVE-2018-21234
"2022-11-04 02:46:44",CVE-2020-13949
"2022-11-04 02:46:44",CVE-2021-34538
"2016-07-22 19:15:15",CVE-2017-12625
"2016-07-22 19:15:15",CVE-2018-11777
"2016-07-22 19:15:15",CVE-2018-1282
"2016-07-22 19:15:15",CVE-2018-1284
"2016-07-22 19:15:15",CVE-2018-1314
"2016-07-22 19:15:15",CVE-2018-1315
"2016-07-22 19:15:15",CVE-2020-13949
"2016-07-22 19:15:15",CVE-2020-1926
"2016-07-22 19:15:15",CVE-2021-34538
"2022-11-16 00:51:50",CVE-2015-7521
"2022-11-16 00:51:50",CVE-2016-3083
"2022-11-16 00:51:50",CVE-2018-11777
"2022-11-16 00:51:50",CVE-2018-1282
"2022-11-16 00:51:50",CVE-2018-1284
"2022-11-16 00:51:50",CVE-2018-1314
"2022-11-16 00:51:50",CVE-2020-13949
"2022-11-16 00:51:50",CVE-2020-1926
"2022-11-16 00:51:50",CVE-2021-34538
"2013-06-02 22:40:31",CVE-2014-0228
"2013-06-02 22:40:31",CVE-2018-11777
"2013-06-02 22:40:31",CVE-2018-1282
"2013-06-02 22:40:31",CVE-2018-1284
"2013-06-02 22:40:31",CVE-2018-1314
"2013-06-02 22:40:31",CVE-2020-13949
"2013-06-02 22:40:31",CVE-2020-1926
"2013-06-02 22:40:31",CVE-2021-34538
"2017-06-21 18:55:50",CVE-2015-7521
"2017-06-21 18:55:50",CVE-2016-3083
"2017-06-21 18:55:50",CVE-2018-11777
"2017-06-21 18:55:50",CVE-2018-1282
"2017-06-21 18:55:50",CVE-2018-1284
"2017-06-21 18:55:50",CVE-2018-1314
"2017-06-21 18:55:50",CVE-2020-13949
"2017-06-21 18:55:50",CVE-2020-1926
"2017-06-21 18:55:50",CVE-2021-34538
"2017-08-11 00:13:15",CVE-2014-0228
"2017-08-11 00:13:15",CVE-2018-11777
"2017-08-11 00:13:15",CVE-2018-1282
"2017-08-11 00:13:15",CVE-2018-1284
"2017-08-11 00:13:15",CVE-2018-1314
"2017-08-11 00:13:15",CVE-2020-13949
"2017-08-11 00:13:15",CVE-2020-1926
"2017-08-11 00:13:15",CVE-2021-34538
"2018-02-20 18:15:52",CVE-2015-1772
"2018-02-20 18:15:52",CVE-2015-7521
"2018-02-20 18:15:52",CVE-2016-3083
"2018-02-20 18:15:52",CVE-2018-11777
"2018-02-20 18:15:52",CVE-2018-1282
"2018-02-20 18:15:52",CVE-2018-1284
"2018-02-20 18:15:52",CVE-2018-1314
"2018-02-20 18:15:52",CVE-2020-13949
"2018-02-20 18:15:52",CVE-2020-1926
"2018-02-20 18:15:52",CVE-2021-34538
"2021-10-29 14:19:40",CVE-2017-12625
"2021-10-29 14:19:40",CVE-2018-11777
"2021-10-29 14:19:40",CVE-2018-1282
"2021-10-29 14:19:40",CVE-2018-1284
"2021-10-29 14:19:40",CVE-2018-1314
"2021-10-29 14:19:40",CVE-2018-1315
"2021-10-29 14:19:40",CVE-2020-13949
"2021-10-29 14:19:40",CVE-2020-1926
"2021-10-29 14:19:40",CVE-2021-34538
