"2022-06-16 05:46:11",CVE-2022-24735
"2022-06-16 05:46:11",CVE-2022-24736
"2022-06-16 05:46:11",CVE-2022-36021
"2022-06-16 05:46:11",CVE-2022-3647
"2022-06-16 05:46:11",CVE-2023-25155
"2022-12-16 03:53:47",CVE-2021-32626
"2022-12-16 03:53:47",CVE-2021-32672
"2022-12-16 03:53:47",CVE-2022-24735
"2022-12-16 03:53:47",CVE-2022-24736
"2022-12-16 03:53:47",CVE-2022-36021
"2022-12-16 03:53:47",CVE-2022-3647
"2022-12-16 03:53:47",CVE-2023-25155
"2023-02-24 05:24:47",CVE-2021-32626
"2023-02-24 05:24:47",CVE-2021-32672
"2023-02-24 05:24:47",CVE-2022-24735
"2023-02-24 05:24:47",CVE-2022-24736
"2023-02-24 05:24:47",CVE-2022-36021
"2023-02-24 05:24:47",CVE-2022-3647
"2023-02-24 05:24:47",CVE-2023-25155
"2017-09-04 16:33:36",CVE-2022-24735
"2017-09-04 16:33:36",CVE-2022-24736
"2017-09-04 16:33:36",CVE-2022-36021
"2017-09-04 16:33:36",CVE-2022-3647
"2017-09-04 16:33:36",CVE-2023-25155
"2023-04-02 17:42:59",CVE-2022-24735
"2023-04-02 17:42:59",CVE-2022-24736
"2023-04-02 17:42:59",CVE-2022-36021
"2023-04-02 17:42:59",CVE-2022-3647
"2023-04-02 17:42:59",CVE-2023-25155
"2022-10-04 23:29:53",CVE-2021-32626
"2022-10-04 23:29:53",CVE-2021-32672
"2022-10-04 23:29:53",CVE-2022-24735
"2022-10-04 23:29:53",CVE-2022-24736
"2022-10-04 23:29:53",CVE-2022-36021
"2022-10-04 23:29:53",CVE-2022-3647
"2022-10-04 23:29:53",CVE-2023-25155
"2023-03-20 22:13:45",CVE-2021-32626
"2023-03-20 22:13:45",CVE-2022-24735
"2023-03-20 22:13:45",CVE-2022-24736
"2023-03-20 22:13:45",CVE-2022-36021
"2023-03-20 22:13:45",CVE-2022-3647
"2023-03-20 22:13:45",CVE-2023-25155
"2018-06-26 08:03:13",CVE-2021-32626
"2018-06-26 08:03:13",CVE-2022-24735
"2018-06-26 08:03:13",CVE-2022-24736
"2018-06-26 08:03:13",CVE-2022-36021
"2018-06-26 08:03:13",CVE-2022-3647
"2018-06-26 08:03:13",CVE-2023-25155
"2023-04-10 07:59:34",CVE-2021-32626
"2023-04-10 07:59:34",CVE-2021-32672
"2023-04-10 07:59:34",CVE-2022-24735
"2023-04-10 07:59:34",CVE-2022-24736
"2023-04-10 07:59:34",CVE-2022-36021
"2023-04-10 07:59:34",CVE-2022-3647
"2023-04-10 07:59:34",CVE-2023-25155
"2018-03-11 09:57:31",CVE-2021-32626
"2018-03-11 09:57:31",CVE-2022-24735
"2018-03-11 09:57:31",CVE-2022-24736
"2018-03-11 09:57:31",CVE-2022-36021
"2018-03-11 09:57:31",CVE-2022-3647
"2018-03-11 09:57:31",CVE-2023-25155
"2022-11-14 18:59:45",CVE-2021-32626
"2022-11-14 18:59:45",CVE-2021-32672
"2022-11-14 18:59:45",CVE-2022-24735
"2022-11-14 18:59:45",CVE-2022-24736
"2022-11-14 18:59:45",CVE-2022-36021
"2022-11-14 18:59:45",CVE-2022-3647
"2022-11-14 18:59:45",CVE-2023-25155
"2022-11-16 01:51:02",CVE-2021-32626
"2022-11-16 01:51:02",CVE-2022-24735
"2022-11-16 01:51:02",CVE-2022-24736
"2022-11-16 01:51:02",CVE-2022-36021
"2022-11-16 01:51:02",CVE-2022-3647
"2022-11-16 01:51:02",CVE-2023-25155
"2022-06-21 00:05:44",CVE-2021-32626
"2022-06-21 00:05:44",CVE-2022-24735
"2022-06-21 00:05:44",CVE-2022-24736
"2022-06-21 00:05:44",CVE-2022-36021
"2022-06-21 00:05:44",CVE-2022-3647
"2022-06-21 00:05:44",CVE-2023-25155
"2023-04-11 00:25:26",CVE-2022-24735
"2023-04-11 00:25:26",CVE-2022-24736
"2023-04-11 00:25:26",CVE-2022-36021
"2023-04-11 00:25:26",CVE-2022-3647
"2023-04-11 00:25:26",CVE-2023-25155
"2023-01-18 04:45:02",CVE-2021-32626
"2023-01-18 04:45:02",CVE-2021-32672
"2023-01-18 04:45:02",CVE-2022-24735
"2023-01-18 04:45:02",CVE-2022-24736
"2023-01-18 04:45:02",CVE-2022-36021
"2023-01-18 04:45:02",CVE-2022-3647
"2023-01-18 04:45:02",CVE-2023-25155
"2022-12-09 07:27:05",CVE-2021-32626
"2022-12-09 07:27:05",CVE-2021-32672
"2022-12-09 07:27:05",CVE-2022-24735
"2022-12-09 07:27:05",CVE-2022-24736
"2022-12-09 07:27:05",CVE-2022-36021
"2022-12-09 07:27:05",CVE-2022-3647
"2022-12-09 07:27:05",CVE-2023-25155
"2019-04-25 07:42:13",CVE-2021-32626
"2019-04-25 07:42:13",CVE-2021-32672
"2019-04-25 07:42:13",CVE-2022-24735
"2019-04-25 07:42:13",CVE-2022-24736
"2019-04-25 07:42:13",CVE-2022-36021
"2019-04-25 07:42:13",CVE-2022-3647
"2019-04-25 07:42:13",CVE-2023-25155
"2023-04-05 04:57:51",CVE-2022-24735
"2023-04-05 04:57:51",CVE-2022-24736
"2023-04-05 04:57:51",CVE-2022-36021
"2023-04-05 04:57:51",CVE-2022-3647
"2023-04-05 04:57:51",CVE-2023-25155
"2023-04-09 12:33:02",CVE-2021-32626
"2023-04-09 12:33:02",CVE-2021-32672
"2023-04-09 12:33:02",CVE-2022-24735
"2023-04-09 12:33:02",CVE-2022-24736
"2023-04-09 12:33:02",CVE-2022-36021
"2023-04-09 12:33:02",CVE-2022-3647
"2023-04-09 12:33:02",CVE-2023-25155
"2023-02-05 01:05:24",CVE-2022-24735
"2023-02-05 01:05:24",CVE-2022-24736
"2023-02-05 01:05:24",CVE-2022-36021
"2023-02-05 01:05:24",CVE-2022-3647
"2023-02-05 01:05:24",CVE-2023-25155
"2023-02-27 10:27:23",CVE-2021-32626
"2023-02-27 10:27:23",CVE-2021-32672
"2023-02-27 10:27:23",CVE-2022-24735
"2023-02-27 10:27:23",CVE-2022-24736
"2023-02-27 10:27:23",CVE-2022-36021
"2023-02-27 10:27:23",CVE-2022-3647
"2023-02-27 10:27:23",CVE-2023-25155
"2020-09-28 06:25:45",CVE-2022-24735
"2020-09-28 06:25:45",CVE-2022-24736
"2020-09-28 06:25:45",CVE-2022-36021
"2020-09-28 06:25:45",CVE-2022-3647
"2020-09-28 06:25:45",CVE-2023-25155
"2015-06-26 18:42:23",CVE-2022-24735
"2015-06-26 18:42:23",CVE-2022-24736
"2015-06-26 18:42:23",CVE-2022-36021
"2015-06-26 18:42:23",CVE-2022-3647
"2015-06-26 18:42:23",CVE-2023-25155
"2023-04-04 03:12:18",CVE-2021-32626
"2023-04-04 03:12:18",CVE-2021-32672
"2023-04-04 03:12:18",CVE-2022-24735
"2023-04-04 03:12:18",CVE-2022-24736
"2023-04-04 03:12:18",CVE-2022-36021
"2023-04-04 03:12:18",CVE-2022-3647
"2023-04-04 03:12:18",CVE-2023-25155
"2022-12-06 04:23:02",CVE-2021-32626
"2022-12-06 04:23:02",CVE-2021-32672
"2022-12-06 04:23:02",CVE-2022-24735
"2022-12-06 04:23:02",CVE-2022-24736
"2022-12-06 04:23:02",CVE-2022-36021
"2022-12-06 04:23:02",CVE-2022-3647
"2022-12-06 04:23:02",CVE-2023-25155
"2018-10-17 05:52:27",CVE-2022-24735
"2018-10-17 05:52:27",CVE-2022-24736
"2018-10-17 05:52:27",CVE-2022-36021
"2018-10-17 05:52:27",CVE-2022-3647
"2018-10-17 05:52:27",CVE-2023-25155
"2021-07-09 10:12:15",CVE-2022-24735
"2021-07-09 10:12:15",CVE-2022-24736
"2021-07-09 10:12:15",CVE-2022-36021
"2021-07-09 10:12:15",CVE-2022-3647
"2021-07-09 10:12:15",CVE-2023-25155
"2018-10-10 06:56:09",CVE-2021-32626
"2018-10-10 06:56:09",CVE-2021-32672
"2018-10-10 06:56:09",CVE-2022-24735
"2018-10-10 06:56:09",CVE-2022-24736
"2018-10-10 06:56:09",CVE-2022-36021
"2018-10-10 06:56:09",CVE-2022-3647
"2018-10-10 06:56:09",CVE-2023-25155
"2023-04-10 21:18:03",CVE-2022-24735
"2023-04-10 21:18:03",CVE-2022-24736
"2023-04-10 21:18:03",CVE-2022-36021
"2023-04-10 21:18:03",CVE-2022-3647
"2023-04-10 21:18:03",CVE-2023-25155
"2021-09-22 15:59:02",CVE-2021-32626
"2021-09-22 15:59:02",CVE-2022-24735
"2021-09-22 15:59:02",CVE-2022-24736
"2021-09-22 15:59:02",CVE-2022-36021
"2021-09-22 15:59:02",CVE-2022-3647
"2021-09-22 15:59:02",CVE-2023-25155
"2018-08-15 10:03:42",CVE-2021-32626
"2018-08-15 10:03:42",CVE-2022-24735
"2018-08-15 10:03:42",CVE-2022-24736
"2018-08-15 10:03:42",CVE-2022-36021
"2018-08-15 10:03:42",CVE-2022-3647
"2018-08-15 10:03:42",CVE-2023-25155
"2022-03-18 17:41:27",CVE-2021-32626
"2022-03-18 17:41:27",CVE-2022-24735
"2022-03-18 17:41:27",CVE-2022-24736
"2022-03-18 17:41:27",CVE-2022-36021
"2022-03-18 17:41:27",CVE-2022-3647
"2022-03-18 17:41:27",CVE-2023-25155
"2022-08-25 07:54:16",CVE-2021-32626
"2022-08-25 07:54:16",CVE-2021-32672
"2022-08-25 07:54:16",CVE-2022-24735
"2022-08-25 07:54:16",CVE-2022-24736
"2022-08-25 07:54:16",CVE-2022-36021
"2022-08-25 07:54:16",CVE-2022-3647
"2022-08-25 07:54:16",CVE-2023-25155
"2023-04-03 19:13:06",CVE-2022-24735
"2023-04-03 19:13:06",CVE-2022-24736
"2023-04-03 19:13:06",CVE-2022-36021
"2023-04-03 19:13:06",CVE-2022-3647
"2023-04-03 19:13:06",CVE-2023-25155
"2018-03-05 13:16:14",CVE-2021-32626
"2018-03-05 13:16:14",CVE-2021-32672
"2018-03-05 13:16:14",CVE-2022-24735
"2018-03-05 13:16:14",CVE-2022-24736
"2018-03-05 13:16:14",CVE-2022-36021
"2018-03-05 13:16:14",CVE-2022-3647
"2018-03-05 13:16:14",CVE-2023-25155
"2015-10-28 03:31:04",CVE-2022-24735
"2015-10-28 03:31:04",CVE-2022-24736
"2015-10-28 03:31:04",CVE-2022-36021
"2015-10-28 03:31:04",CVE-2022-3647
"2015-10-28 03:31:04",CVE-2023-25155
"2021-09-09 07:52:24",CVE-2021-32626
"2021-09-09 07:52:24",CVE-2021-32672
"2021-09-09 07:52:24",CVE-2022-24735
"2021-09-09 07:52:24",CVE-2022-24736
"2021-09-09 07:52:24",CVE-2022-36021
"2021-09-09 07:52:24",CVE-2022-3647
"2021-09-09 07:52:24",CVE-2023-25155
"2017-07-21 06:05:55",CVE-2022-24735
"2017-07-21 06:05:55",CVE-2022-24736
"2017-07-21 06:05:55",CVE-2022-36021
"2017-07-21 06:05:55",CVE-2022-3647
"2017-07-21 06:05:55",CVE-2023-25155
"2022-09-16 23:59:27",CVE-2021-32626
"2022-09-16 23:59:27",CVE-2021-32672
"2022-09-16 23:59:27",CVE-2022-24735
"2022-09-16 23:59:27",CVE-2022-24736
"2022-09-16 23:59:27",CVE-2022-36021
"2022-09-16 23:59:27",CVE-2022-3647
"2022-09-16 23:59:27",CVE-2023-25155
"2023-04-09 12:29:30",CVE-2021-32626
"2023-04-09 12:29:30",CVE-2022-24735
"2023-04-09 12:29:30",CVE-2022-24736
"2023-04-09 12:29:30",CVE-2022-36021
"2023-04-09 12:29:30",CVE-2022-3647
"2023-04-09 12:29:30",CVE-2023-25155
"2015-01-14 16:31:37",CVE-2022-24735
"2015-01-14 16:31:37",CVE-2022-24736
"2015-01-14 16:31:37",CVE-2022-36021
"2015-01-14 16:31:37",CVE-2022-3647
"2015-01-14 16:31:37",CVE-2023-25155
"2022-04-06 11:04:54",CVE-2021-32626
"2022-04-06 11:04:54",CVE-2021-32672
"2022-04-06 11:04:54",CVE-2022-24735
"2022-04-06 11:04:54",CVE-2022-24736
"2022-04-06 11:04:54",CVE-2022-36021
"2022-04-06 11:04:54",CVE-2022-3647
"2022-04-06 11:04:54",CVE-2023-25155
"2016-07-08 07:20:08",CVE-2022-24735
"2016-07-08 07:20:08",CVE-2022-24736
"2016-07-08 07:20:08",CVE-2022-36021
"2016-07-08 07:20:08",CVE-2022-3647
"2016-07-08 07:20:08",CVE-2023-25155
"2022-06-17 02:00:49",CVE-2021-32626
"2022-06-17 02:00:49",CVE-2022-24735
"2022-06-17 02:00:49",CVE-2022-24736
"2022-06-17 02:00:49",CVE-2022-36021
"2022-06-17 02:00:49",CVE-2022-3647
"2022-06-17 02:00:49",CVE-2023-25155
"2023-04-07 20:02:12",CVE-2022-24735
"2023-04-07 20:02:12",CVE-2022-24736
"2023-04-07 20:02:12",CVE-2022-36021
"2023-04-07 20:02:12",CVE-2022-3647
"2023-04-07 20:02:12",CVE-2023-25155
"2022-05-27 02:15:44",CVE-2021-32626
"2022-05-27 02:15:44",CVE-2021-32672
"2022-05-27 02:15:44",CVE-2022-24735
"2022-05-27 02:15:44",CVE-2022-24736
"2022-05-27 02:15:44",CVE-2022-36021
"2022-05-27 02:15:44",CVE-2022-3647
"2022-05-27 02:15:44",CVE-2023-25155
"2018-02-28 02:15:20",CVE-2021-32626
"2018-02-28 02:15:20",CVE-2021-32672
"2018-02-28 02:15:20",CVE-2022-24735
"2018-02-28 02:15:20",CVE-2022-24736
"2018-02-28 02:15:20",CVE-2022-36021
"2018-02-28 02:15:20",CVE-2022-3647
"2018-02-28 02:15:20",CVE-2023-25155
"2023-04-07 22:41:49",CVE-2021-32626
"2023-04-07 22:41:49",CVE-2021-32672
"2023-04-07 22:41:49",CVE-2022-24735
"2023-04-07 22:41:49",CVE-2022-24736
"2023-04-07 22:41:49",CVE-2022-36021
"2023-04-07 22:41:49",CVE-2022-3647
"2023-04-07 22:41:49",CVE-2023-25155
"2022-10-12 20:21:58",CVE-2021-32626
"2022-10-12 20:21:58",CVE-2021-32672
"2022-10-12 20:21:58",CVE-2022-24735
"2022-10-12 20:21:58",CVE-2022-24736
"2022-10-12 20:21:58",CVE-2022-36021
"2022-10-12 20:21:58",CVE-2022-3647
"2022-10-12 20:21:58",CVE-2023-25155
"2022-11-16 09:21:54",CVE-2022-24735
"2022-11-16 09:21:54",CVE-2022-24736
"2022-11-16 09:21:54",CVE-2022-36021
"2022-11-16 09:21:54",CVE-2022-3647
"2022-11-16 09:21:54",CVE-2023-25155
"2020-05-12 01:57:27",CVE-2021-32626
"2020-05-12 01:57:27",CVE-2021-32672
"2020-05-12 01:57:27",CVE-2022-24735
"2020-05-12 01:57:27",CVE-2022-24736
"2020-05-12 01:57:27",CVE-2022-36021
"2020-05-12 01:57:27",CVE-2022-3647
"2020-05-12 01:57:27",CVE-2023-25155
"2022-08-04 03:21:55",CVE-2021-32626
"2022-08-04 03:21:55",CVE-2021-32672
"2022-08-04 03:21:55",CVE-2022-24735
"2022-08-04 03:21:55",CVE-2022-24736
"2022-08-04 03:21:55",CVE-2022-36021
"2022-08-04 03:21:55",CVE-2022-3647
"2022-08-04 03:21:55",CVE-2023-25155
"2023-02-08 15:05:17",CVE-2022-24735
"2023-02-08 15:05:17",CVE-2022-24736
"2023-02-08 15:05:17",CVE-2022-36021
"2023-02-08 15:05:17",CVE-2022-3647
"2023-02-08 15:05:17",CVE-2023-25155
"2022-07-15 21:11:08",CVE-2022-24735
"2022-07-15 21:11:08",CVE-2022-24736
"2022-07-15 21:11:08",CVE-2022-36021
"2022-07-15 21:11:08",CVE-2022-3647
"2022-07-15 21:11:08",CVE-2023-25155
"2019-11-22 05:23:00",CVE-2021-32626
"2019-11-22 05:23:00",CVE-2021-32672
"2019-11-22 05:23:00",CVE-2022-24735
"2019-11-22 05:23:00",CVE-2022-24736
"2019-11-22 05:23:00",CVE-2022-36021
"2019-11-22 05:23:00",CVE-2022-3647
"2019-11-22 05:23:00",CVE-2023-25155
"2018-10-21 11:59:58",CVE-2021-32626
"2018-10-21 11:59:58",CVE-2022-24735
"2018-10-21 11:59:58",CVE-2022-24736
"2018-10-21 11:59:58",CVE-2022-36021
"2018-10-21 11:59:58",CVE-2022-3647
"2018-10-21 11:59:58",CVE-2023-25155
"2018-05-10 09:21:29",CVE-2021-32626
"2018-05-10 09:21:29",CVE-2022-24735
"2018-05-10 09:21:29",CVE-2022-24736
"2018-05-10 09:21:29",CVE-2022-36021
"2018-05-10 09:21:29",CVE-2022-3647
"2018-05-10 09:21:29",CVE-2023-25155
"2023-03-24 00:55:16",CVE-2022-24735
"2023-03-24 00:55:16",CVE-2022-24736
"2023-03-24 00:55:16",CVE-2022-36021
"2023-03-24 00:55:16",CVE-2022-3647
"2023-03-24 00:55:16",CVE-2023-25155
"2023-03-06 02:13:35",CVE-2021-32626
"2023-03-06 02:13:35",CVE-2021-32672
"2023-03-06 02:13:35",CVE-2022-24735
"2023-03-06 02:13:35",CVE-2022-24736
"2023-03-06 02:13:35",CVE-2022-36021
"2023-03-06 02:13:35",CVE-2022-3647
"2023-03-06 02:13:35",CVE-2023-25155
"2022-11-16 09:24:22",CVE-2021-32626
"2022-11-16 09:24:22",CVE-2021-32672
"2022-11-16 09:24:22",CVE-2022-24735
"2022-11-16 09:24:22",CVE-2022-24736
"2022-11-16 09:24:22",CVE-2022-36021
"2022-11-16 09:24:22",CVE-2022-3647
"2022-11-16 09:24:22",CVE-2023-25155
"2023-01-28 12:11:00",CVE-2021-32626
"2023-01-28 12:11:00",CVE-2021-32672
"2023-01-28 12:11:00",CVE-2022-24735
"2023-01-28 12:11:00",CVE-2022-24736
"2023-01-28 12:11:00",CVE-2022-36021
"2023-01-28 12:11:00",CVE-2022-3647
"2023-01-28 12:11:00",CVE-2023-25155
"2023-03-03 08:56:03",CVE-2022-24735
"2023-03-03 08:56:03",CVE-2022-24736
"2023-03-03 08:56:03",CVE-2022-36021
"2023-03-03 08:56:03",CVE-2022-3647
"2023-03-03 08:56:03",CVE-2023-25155
"2023-04-05 01:35:39",CVE-2022-24735
"2023-04-05 01:35:39",CVE-2022-24736
"2023-04-05 01:35:39",CVE-2022-36021
"2023-04-05 01:35:39",CVE-2022-3647
"2023-04-05 01:35:39",CVE-2023-25155
"2023-03-23 03:35:49",CVE-2021-32626
"2023-03-23 03:35:49",CVE-2021-32672
"2023-03-23 03:35:49",CVE-2022-24735
"2023-03-23 03:35:49",CVE-2022-24736
"2023-03-23 03:35:49",CVE-2022-36021
"2023-03-23 03:35:49",CVE-2022-3647
"2023-03-23 03:35:49",CVE-2023-25155
"2023-03-29 09:11:28",CVE-2021-32626
"2023-03-29 09:11:28",CVE-2021-32672
"2023-03-29 09:11:28",CVE-2022-24735
"2023-03-29 09:11:28",CVE-2022-24736
"2023-03-29 09:11:28",CVE-2022-36021
"2023-03-29 09:11:28",CVE-2022-3647
"2023-03-29 09:11:28",CVE-2023-25155
"2016-02-02 14:23:30",CVE-2021-32626
"2016-02-02 14:23:30",CVE-2022-24735
"2016-02-02 14:23:30",CVE-2022-24736
"2016-02-02 14:23:30",CVE-2022-36021
"2016-02-02 14:23:30",CVE-2022-3647
"2016-02-02 14:23:30",CVE-2023-25155
"2022-10-01 11:33:54",CVE-2021-32626
"2022-10-01 11:33:54",CVE-2021-32672
"2022-10-01 11:33:54",CVE-2022-24735
"2022-10-01 11:33:54",CVE-2022-24736
"2022-10-01 11:33:54",CVE-2022-36021
"2022-10-01 11:33:54",CVE-2022-3647
"2022-10-01 11:33:54",CVE-2023-25155
"2018-11-01 06:07:32",CVE-2022-24735
"2018-11-01 06:07:32",CVE-2022-24736
"2018-11-01 06:07:32",CVE-2022-36021
"2018-11-01 06:07:32",CVE-2022-3647
"2018-11-01 06:07:32",CVE-2023-25155
"2023-02-21 20:18:10",CVE-2021-32626
"2023-02-21 20:18:10",CVE-2021-32672
"2023-02-21 20:18:10",CVE-2022-24735
"2023-02-21 20:18:10",CVE-2022-24736
"2023-02-21 20:18:10",CVE-2022-36021
"2023-02-21 20:18:10",CVE-2022-3647
"2023-02-21 20:18:10",CVE-2023-25155
"2023-03-16 13:09:09",CVE-2021-32626
"2023-03-16 13:09:09",CVE-2021-32672
"2023-03-16 13:09:09",CVE-2022-24735
"2023-03-16 13:09:09",CVE-2022-24736
"2023-03-16 13:09:09",CVE-2022-36021
"2023-03-16 13:09:09",CVE-2022-3647
"2023-03-16 13:09:09",CVE-2023-25155
"2022-05-03 05:16:06",CVE-2021-32626
"2022-05-03 05:16:06",CVE-2021-32672
"2022-05-03 05:16:06",CVE-2022-24735
"2022-05-03 05:16:06",CVE-2022-24736
"2022-05-03 05:16:06",CVE-2022-36021
"2022-05-03 05:16:06",CVE-2022-3647
"2022-05-03 05:16:06",CVE-2023-25155
"2023-04-08 18:37:38",CVE-2022-24735
"2023-04-08 18:37:38",CVE-2022-24736
"2023-04-08 18:37:38",CVE-2022-36021
"2023-04-08 18:37:38",CVE-2022-3647
"2023-04-08 18:37:38",CVE-2023-25155
"2017-04-27 10:33:39",CVE-2022-24735
"2017-04-27 10:33:39",CVE-2022-24736
"2017-04-27 10:33:39",CVE-2022-36021
"2017-04-27 10:33:39",CVE-2022-3647
"2017-04-27 10:33:39",CVE-2023-25155
"2019-05-11 18:52:42",CVE-2022-24735
"2019-05-11 18:52:42",CVE-2022-24736
"2019-05-11 18:52:42",CVE-2022-36021
"2019-05-11 18:52:42",CVE-2022-3647
"2019-05-11 18:52:42",CVE-2023-25155
"2022-07-07 16:58:53",CVE-2021-32626
"2022-07-07 16:58:53",CVE-2021-32672
"2022-07-07 16:58:53",CVE-2022-24735
"2022-07-07 16:58:53",CVE-2022-24736
"2022-07-07 16:58:53",CVE-2022-36021
"2022-07-07 16:58:53",CVE-2022-3647
"2022-07-07 16:58:53",CVE-2023-25155
"2023-03-06 02:08:56",CVE-2021-32626
"2023-03-06 02:08:56",CVE-2021-32672
"2023-03-06 02:08:56",CVE-2022-24735
"2023-03-06 02:08:56",CVE-2022-24736
"2023-03-06 02:08:56",CVE-2022-36021
"2023-03-06 02:08:56",CVE-2022-3647
"2023-03-06 02:08:56",CVE-2023-25155
"2022-12-15 08:37:51",CVE-2021-32626
"2022-12-15 08:37:51",CVE-2021-32672
"2022-12-15 08:37:51",CVE-2022-24735
"2022-12-15 08:37:51",CVE-2022-24736
"2022-12-15 08:37:51",CVE-2022-36021
"2022-12-15 08:37:51",CVE-2022-3647
"2022-12-15 08:37:51",CVE-2023-25155
"2023-03-31 07:39:15",CVE-2021-32626
"2023-03-31 07:39:15",CVE-2021-32672
"2023-03-31 07:39:15",CVE-2022-24735
"2023-03-31 07:39:15",CVE-2022-24736
"2023-03-31 07:39:15",CVE-2022-36021
"2023-03-31 07:39:15",CVE-2022-3647
"2023-03-31 07:39:15",CVE-2023-25155
"2016-09-12 13:39:30",CVE-2021-32626
"2016-09-12 13:39:30",CVE-2022-24735
"2016-09-12 13:39:30",CVE-2022-24736
"2016-09-12 13:39:30",CVE-2022-36021
"2016-09-12 13:39:30",CVE-2022-3647
"2016-09-12 13:39:30",CVE-2023-25155
"2023-03-28 21:18:08",CVE-2021-32626
"2023-03-28 21:18:08",CVE-2022-24735
"2023-03-28 21:18:08",CVE-2022-24736
"2023-03-28 21:18:08",CVE-2022-36021
"2023-03-28 21:18:08",CVE-2022-3647
"2023-03-28 21:18:08",CVE-2023-25155
"2023-01-08 09:55:25",CVE-2022-24735
"2023-01-08 09:55:25",CVE-2022-24736
"2023-01-08 09:55:25",CVE-2022-36021
"2023-01-08 09:55:25",CVE-2022-3647
"2023-01-08 09:55:25",CVE-2023-25155
"2023-02-03 03:48:57",CVE-2022-24735
"2023-02-03 03:48:57",CVE-2022-24736
"2023-02-03 03:48:57",CVE-2022-36021
"2023-02-03 03:48:57",CVE-2022-3647
"2023-02-03 03:48:57",CVE-2023-25155
"2021-12-26 12:19:30",CVE-2021-32626
"2021-12-26 12:19:30",CVE-2021-32672
"2021-12-26 12:19:30",CVE-2022-24735
"2021-12-26 12:19:30",CVE-2022-24736
"2021-12-26 12:19:30",CVE-2022-36021
"2021-12-26 12:19:30",CVE-2022-3647
"2021-12-26 12:19:30",CVE-2023-25155
"2016-12-14 09:47:41",CVE-2021-32626
"2016-12-14 09:47:41",CVE-2022-24735
"2016-12-14 09:47:41",CVE-2022-24736
"2016-12-14 09:47:41",CVE-2022-36021
"2016-12-14 09:47:41",CVE-2022-3647
"2016-12-14 09:47:41",CVE-2023-25155
"2022-11-16 02:57:46",CVE-2021-32626
"2022-11-16 02:57:46",CVE-2021-32672
"2022-11-16 02:57:46",CVE-2022-24735
"2022-11-16 02:57:46",CVE-2022-24736
"2022-11-16 02:57:46",CVE-2022-36021
"2022-11-16 02:57:46",CVE-2022-3647
"2022-11-16 02:57:46",CVE-2023-25155
"2022-06-06 13:55:28",CVE-2021-32626
"2022-06-06 13:55:28",CVE-2021-32672
"2022-06-06 13:55:28",CVE-2022-24735
"2022-06-06 13:55:28",CVE-2022-24736
"2022-06-06 13:55:28",CVE-2022-36021
"2022-06-06 13:55:28",CVE-2022-3647
"2022-06-06 13:55:28",CVE-2023-25155
"2023-04-08 17:14:50",CVE-2021-32626
"2023-04-08 17:14:50",CVE-2021-32672
"2023-04-08 17:14:50",CVE-2022-24735
"2023-04-08 17:14:50",CVE-2022-24736
"2023-04-08 17:14:50",CVE-2022-36021
"2023-04-08 17:14:50",CVE-2022-3647
"2023-04-08 17:14:50",CVE-2023-25155
"2023-04-10 14:04:05",CVE-2021-32626
"2023-04-10 14:04:05",CVE-2021-32672
"2023-04-10 14:04:05",CVE-2022-24735
"2023-04-10 14:04:05",CVE-2022-24736
"2023-04-10 14:04:05",CVE-2022-36021
"2023-04-10 14:04:05",CVE-2022-3647
"2023-04-10 14:04:05",CVE-2023-25155
"2022-06-17 03:05:49",CVE-2021-32626
"2022-06-17 03:05:49",CVE-2021-32672
"2022-06-17 03:05:49",CVE-2022-24735
"2022-06-17 03:05:49",CVE-2022-24736
"2022-06-17 03:05:49",CVE-2022-36021
"2022-06-17 03:05:49",CVE-2022-3647
"2022-06-17 03:05:49",CVE-2023-25155
"2023-04-09 09:56:42",CVE-2021-32626
"2023-04-09 09:56:42",CVE-2021-32672
"2023-04-09 09:56:42",CVE-2022-24735
"2023-04-09 09:56:42",CVE-2022-24736
"2023-04-09 09:56:42",CVE-2022-36021
"2023-04-09 09:56:42",CVE-2022-3647
"2023-04-09 09:56:42",CVE-2023-25155
"2022-12-16 04:55:11",CVE-2022-24735
"2022-12-16 04:55:11",CVE-2022-24736
"2022-12-16 04:55:11",CVE-2022-36021
"2022-12-16 04:55:11",CVE-2022-3647
"2022-12-16 04:55:11",CVE-2023-25155
"2022-12-22 10:01:48",CVE-2021-32626
"2022-12-22 10:01:48",CVE-2021-32672
"2022-12-22 10:01:48",CVE-2022-24735
"2022-12-22 10:01:48",CVE-2022-24736
"2022-12-22 10:01:48",CVE-2022-36021
"2022-12-22 10:01:48",CVE-2022-3647
"2022-12-22 10:01:48",CVE-2023-25155
"2022-09-13 06:50:49",CVE-2022-24735
"2022-09-13 06:50:49",CVE-2022-24736
"2022-09-13 06:50:49",CVE-2022-36021
"2022-09-13 06:50:49",CVE-2022-3647
"2022-09-13 06:50:49",CVE-2023-25155
"2018-12-11 08:37:53",CVE-2021-32626
"2018-12-11 08:37:53",CVE-2021-32672
"2018-12-11 08:37:53",CVE-2022-24735
"2018-12-11 08:37:53",CVE-2022-24736
"2018-12-11 08:37:53",CVE-2022-36021
"2018-12-11 08:37:53",CVE-2022-3647
"2018-12-11 08:37:53",CVE-2023-25155
"2023-04-07 05:24:40",CVE-2021-32626
"2023-04-07 05:24:40",CVE-2021-32672
"2023-04-07 05:24:40",CVE-2022-24735
"2023-04-07 05:24:40",CVE-2022-24736
"2023-04-07 05:24:40",CVE-2022-36021
"2023-04-07 05:24:40",CVE-2022-3647
"2023-04-07 05:24:40",CVE-2023-25155
"2022-01-19 09:27:17",CVE-2022-24735
"2022-01-19 09:27:17",CVE-2022-24736
"2022-01-19 09:27:17",CVE-2022-36021
"2022-01-19 09:27:17",CVE-2022-3647
"2022-01-19 09:27:17",CVE-2023-25155
"2019-01-12 07:43:55",CVE-2021-32626
"2019-01-12 07:43:55",CVE-2021-32672
"2019-01-12 07:43:55",CVE-2022-24735
"2019-01-12 07:43:55",CVE-2022-24736
"2019-01-12 07:43:55",CVE-2022-36021
"2019-01-12 07:43:55",CVE-2022-3647
"2019-01-12 07:43:55",CVE-2023-25155
"2021-09-08 01:47:23",CVE-2022-24735
"2021-09-08 01:47:23",CVE-2022-24736
"2021-09-08 01:47:23",CVE-2022-36021
"2021-09-08 01:47:23",CVE-2022-3647
"2021-09-08 01:47:23",CVE-2023-25155
"2022-03-07 02:19:05",CVE-2021-32626
"2022-03-07 02:19:05",CVE-2021-32672
"2022-03-07 02:19:05",CVE-2022-24735
"2022-03-07 02:19:05",CVE-2022-24736
"2022-03-07 02:19:05",CVE-2022-36021
"2022-03-07 02:19:05",CVE-2022-3647
"2022-03-07 02:19:05",CVE-2023-25155
"2020-10-14 00:39:55",CVE-2021-32626
"2020-10-14 00:39:55",CVE-2022-24735
"2020-10-14 00:39:55",CVE-2022-24736
"2020-10-14 00:39:55",CVE-2022-36021
"2020-10-14 00:39:55",CVE-2022-3647
"2020-10-14 00:39:55",CVE-2023-25155
"2018-03-23 01:52:41",CVE-2022-24735
"2018-03-23 01:52:41",CVE-2022-24736
"2018-03-23 01:52:41",CVE-2022-36021
"2018-03-23 01:52:41",CVE-2022-3647
"2018-03-23 01:52:41",CVE-2023-25155
"2023-03-31 08:59:21",CVE-2021-32626
"2023-03-31 08:59:21",CVE-2021-32672
"2023-03-31 08:59:21",CVE-2022-24735
"2023-03-31 08:59:21",CVE-2022-24736
"2023-03-31 08:59:21",CVE-2022-36021
"2023-03-31 08:59:21",CVE-2022-3647
"2023-03-31 08:59:21",CVE-2023-25155
"2018-09-10 01:39:08",CVE-2021-32626
"2018-09-10 01:39:08",CVE-2022-24735
"2018-09-10 01:39:08",CVE-2022-24736
"2018-09-10 01:39:08",CVE-2022-36021
"2018-09-10 01:39:08",CVE-2022-3647
"2018-09-10 01:39:08",CVE-2023-25155
"2022-12-16 04:46:30",CVE-2022-24735
"2022-12-16 04:46:30",CVE-2022-24736
"2022-12-16 04:46:30",CVE-2022-36021
"2022-12-16 04:46:30",CVE-2022-3647
"2022-12-16 04:46:30",CVE-2023-25155
"2021-08-19 16:00:05",CVE-2021-32626
"2021-08-19 16:00:05",CVE-2021-32672
"2021-08-19 16:00:05",CVE-2022-24735
"2021-08-19 16:00:05",CVE-2022-24736
"2021-08-19 16:00:05",CVE-2022-36021
"2021-08-19 16:00:05",CVE-2022-3647
"2021-08-19 16:00:05",CVE-2023-25155
"2018-02-01 08:42:41",CVE-2022-24735
"2018-02-01 08:42:41",CVE-2022-24736
"2018-02-01 08:42:41",CVE-2022-36021
"2018-02-01 08:42:41",CVE-2022-3647
"2018-02-01 08:42:41",CVE-2023-25155
"2022-06-17 02:22:16",CVE-2022-24735
"2022-06-17 02:22:16",CVE-2022-24736
"2022-06-17 02:22:16",CVE-2022-36021
"2022-06-17 02:22:16",CVE-2022-3647
"2022-06-17 02:22:16",CVE-2023-25155
"2019-04-12 07:26:30",CVE-2022-24735
"2019-04-12 07:26:30",CVE-2022-24736
"2019-04-12 07:26:30",CVE-2022-36021
"2019-04-12 07:26:30",CVE-2022-3647
"2019-04-12 07:26:30",CVE-2023-25155
"2017-05-25 10:29:19",CVE-2022-24735
"2017-05-25 10:29:19",CVE-2022-24736
"2017-05-25 10:29:19",CVE-2022-36021
"2017-05-25 10:29:19",CVE-2022-3647
"2017-05-25 10:29:19",CVE-2023-25155
"2018-04-23 09:38:48",CVE-2021-32626
"2018-04-23 09:38:48",CVE-2021-32672
"2018-04-23 09:38:48",CVE-2022-24735
"2018-04-23 09:38:48",CVE-2022-24736
"2018-04-23 09:38:48",CVE-2022-36021
"2018-04-23 09:38:48",CVE-2022-3647
"2018-04-23 09:38:48",CVE-2023-25155
"2017-04-28 09:34:14",CVE-2022-24735
"2017-04-28 09:34:14",CVE-2022-24736
"2017-04-28 09:34:14",CVE-2022-36021
"2017-04-28 09:34:14",CVE-2022-3647
"2017-04-28 09:34:14",CVE-2023-25155
"2022-04-16 16:59:04",CVE-2021-32626
"2022-04-16 16:59:04",CVE-2021-32672
"2022-04-16 16:59:04",CVE-2022-24735
"2022-04-16 16:59:04",CVE-2022-24736
"2022-04-16 16:59:04",CVE-2022-36021
"2022-04-16 16:59:04",CVE-2022-3647
"2022-04-16 16:59:04",CVE-2023-25155
"2022-11-18 17:40:14",CVE-2021-32626
"2022-11-18 17:40:14",CVE-2021-32672
"2022-11-18 17:40:14",CVE-2022-24735
"2022-11-18 17:40:14",CVE-2022-24736
"2022-11-18 17:40:14",CVE-2022-36021
"2022-11-18 17:40:14",CVE-2022-3647
"2022-11-18 17:40:14",CVE-2023-25155
"2022-05-20 21:48:14",CVE-2021-32626
"2022-05-20 21:48:14",CVE-2021-32672
"2022-05-20 21:48:14",CVE-2022-24735
"2022-05-20 21:48:14",CVE-2022-24736
"2022-05-20 21:48:14",CVE-2022-36021
"2022-05-20 21:48:14",CVE-2022-3647
"2022-05-20 21:48:14",CVE-2023-25155
"2021-08-04 07:14:19",CVE-2022-24735
"2021-08-04 07:14:19",CVE-2022-24736
"2021-08-04 07:14:19",CVE-2022-36021
"2021-08-04 07:14:19",CVE-2022-3647
"2021-08-04 07:14:19",CVE-2023-25155
"2020-04-15 09:17:05",CVE-2022-24735
"2020-04-15 09:17:05",CVE-2022-24736
"2020-04-15 09:17:05",CVE-2022-36021
"2020-04-15 09:17:05",CVE-2022-3647
"2020-04-15 09:17:05",CVE-2023-25155
"2022-11-16 01:07:20",CVE-2021-32626
"2022-11-16 01:07:20",CVE-2021-32672
"2022-11-16 01:07:20",CVE-2022-24735
"2022-11-16 01:07:20",CVE-2022-24736
"2022-11-16 01:07:20",CVE-2022-36021
"2022-11-16 01:07:20",CVE-2022-3647
"2022-11-16 01:07:20",CVE-2023-25155
"2022-12-09 02:38:39",CVE-2022-24735
"2022-12-09 02:38:39",CVE-2022-24736
"2022-12-09 02:38:39",CVE-2022-36021
"2022-12-09 02:38:39",CVE-2022-3647
"2022-12-09 02:38:39",CVE-2023-25155
"2022-05-22 22:42:47",CVE-2021-32626
"2022-05-22 22:42:47",CVE-2021-32672
"2022-05-22 22:42:47",CVE-2022-24735
"2022-05-22 22:42:47",CVE-2022-24736
"2022-05-22 22:42:47",CVE-2022-36021
"2022-05-22 22:42:47",CVE-2022-3647
"2022-05-22 22:42:47",CVE-2023-25155
"2019-12-18 10:33:03",CVE-2021-32626
"2019-12-18 10:33:03",CVE-2021-32672
"2019-12-18 10:33:03",CVE-2022-24735
"2019-12-18 10:33:03",CVE-2022-24736
"2019-12-18 10:33:03",CVE-2022-36021
"2019-12-18 10:33:03",CVE-2022-3647
"2019-12-18 10:33:03",CVE-2023-25155
