"2021-08-16 11:16:27",CVE-2018-11770
"2021-08-16 11:16:27",CVE-2018-11804
"2021-08-16 11:16:27",CVE-2018-17190
"2021-08-16 11:16:27",CVE-2021-38296
"2021-08-16 11:16:27",CVE-2022-31777
"2021-08-16 11:16:27",CVE-2022-33891
"2015-03-23 10:08:03",CVE-2017-7678
"2015-03-23 10:08:03",CVE-2018-11760
"2015-03-23 10:08:03",CVE-2018-1334
"2015-03-23 10:08:03",CVE-2018-17190
"2015-03-23 10:08:03",CVE-2019-10099
"2015-03-23 10:08:03",CVE-2020-9480
"2015-03-23 10:08:03",CVE-2021-38296
"2015-03-23 10:08:03",CVE-2022-31777
"2015-03-23 10:08:03",CVE-2022-33891
"2022-10-04 23:49:17",CVE-2017-12612
"2022-10-04 23:49:17",CVE-2017-7678
"2022-10-04 23:49:17",CVE-2018-11760
"2022-10-04 23:49:17",CVE-2018-11770
"2022-10-04 23:49:17",CVE-2018-11804
"2022-10-04 23:49:17",CVE-2018-1334
"2022-10-04 23:49:17",CVE-2018-17190
"2022-10-04 23:49:17",CVE-2018-8024
"2022-10-04 23:49:17",CVE-2019-10099
"2022-10-04 23:49:17",CVE-2020-9480
"2022-10-04 23:49:17",CVE-2021-38296
"2022-10-04 23:49:17",CVE-2022-31777
"2022-10-04 23:49:17",CVE-2022-33891
"2023-04-21 20:46:04",CVE-2018-11770
"2023-04-21 20:46:04",CVE-2018-11804
"2023-04-21 20:46:04",CVE-2018-17190
"2023-04-21 20:46:04",CVE-2022-31777
"2023-04-21 20:46:04",CVE-2022-33891
"2021-02-23 05:55:39",CVE-2018-11770
"2021-02-23 05:55:39",CVE-2018-11804
"2021-02-23 05:55:39",CVE-2018-17190
"2021-02-23 05:55:39",CVE-2020-9480
"2021-02-23 05:55:39",CVE-2021-38296
"2021-02-23 05:55:39",CVE-2022-31777
"2021-02-23 05:55:39",CVE-2022-33891
"2023-01-30 08:16:39",CVE-2017-12612
"2023-01-30 08:16:39",CVE-2017-7678
"2023-01-30 08:16:39",CVE-2018-11760
"2023-01-30 08:16:39",CVE-2018-11770
"2023-01-30 08:16:39",CVE-2018-11804
"2023-01-30 08:16:39",CVE-2018-1334
"2023-01-30 08:16:39",CVE-2018-17190
"2023-01-30 08:16:39",CVE-2018-8024
"2023-01-30 08:16:39",CVE-2019-10099
"2023-01-30 08:16:39",CVE-2020-9480
"2023-01-30 08:16:39",CVE-2021-38296
"2023-01-30 08:16:39",CVE-2022-31777
"2023-01-30 08:16:39",CVE-2022-33891
"2023-04-18 07:40:54",CVE-2018-11770
"2023-04-18 07:40:54",CVE-2018-11804
"2023-04-18 07:40:54",CVE-2018-17190
"2023-04-18 07:40:54",CVE-2019-10172
"2023-04-18 07:40:54",CVE-2021-38296
"2023-04-18 07:40:54",CVE-2022-31777
"2023-04-18 07:40:54",CVE-2022-33891
"2018-04-08 22:28:08",CVE-2018-11760
"2018-04-08 22:28:08",CVE-2018-11770
"2018-04-08 22:28:08",CVE-2018-11804
"2018-04-08 22:28:08",CVE-2018-1334
"2018-04-08 22:28:08",CVE-2018-17190
"2018-04-08 22:28:08",CVE-2018-8024
"2018-04-08 22:28:08",CVE-2019-10099
"2018-04-08 22:28:08",CVE-2020-9480
"2018-04-08 22:28:08",CVE-2021-38296
"2018-04-08 22:28:08",CVE-2022-31777
"2018-04-08 22:28:08",CVE-2022-33891
"2016-08-11 10:26:46",CVE-2017-12612
"2016-08-11 10:26:46",CVE-2017-7678
"2016-08-11 10:26:46",CVE-2018-11760
"2016-08-11 10:26:46",CVE-2018-11770
"2016-08-11 10:26:46",CVE-2018-11804
"2016-08-11 10:26:46",CVE-2018-1334
"2016-08-11 10:26:46",CVE-2018-17190
"2016-08-11 10:26:46",CVE-2019-10099
"2016-08-11 10:26:46",CVE-2020-9480
"2016-08-11 10:26:46",CVE-2021-38296
"2016-08-11 10:26:46",CVE-2022-31777
"2016-08-11 10:26:46",CVE-2022-33891
"2023-04-21 20:47:37",CVE-2018-11770
"2023-04-21 20:47:37",CVE-2018-11804
"2023-04-21 20:47:37",CVE-2018-17190
"2023-04-21 20:47:37",CVE-2022-31777
"2019-05-13 08:38:47",CVE-2017-12612
"2019-05-13 08:38:47",CVE-2017-7678
"2019-05-13 08:38:47",CVE-2018-11760
"2019-05-13 08:38:47",CVE-2018-11770
"2019-05-13 08:38:47",CVE-2018-11804
"2019-05-13 08:38:47",CVE-2018-1334
"2019-05-13 08:38:47",CVE-2018-17190
"2019-05-13 08:38:47",CVE-2019-10099
"2019-05-13 08:38:47",CVE-2020-9480
"2019-05-13 08:38:47",CVE-2021-38296
"2019-05-13 08:38:47",CVE-2022-31777
"2019-05-13 08:38:47",CVE-2022-33891
"2017-01-02 16:42:04",CVE-2017-12612
"2017-01-02 16:42:04",CVE-2017-7678
"2017-01-02 16:42:04",CVE-2018-11760
"2017-01-02 16:42:04",CVE-2018-11770
"2017-01-02 16:42:04",CVE-2018-11804
"2017-01-02 16:42:04",CVE-2018-1334
"2017-01-02 16:42:04",CVE-2018-17190
"2017-01-02 16:42:04",CVE-2018-8024
"2017-01-02 16:42:04",CVE-2019-10099
"2017-01-02 16:42:04",CVE-2020-9480
"2017-01-02 16:42:04",CVE-2021-38296
"2017-01-02 16:42:04",CVE-2022-31777
"2017-01-02 16:42:04",CVE-2022-33891
"2019-02-01 02:54:34",CVE-2018-11770
"2019-02-01 02:54:34",CVE-2018-11804
"2019-02-01 02:54:34",CVE-2018-17190
"2019-02-01 02:54:34",CVE-2020-9480
"2019-02-01 02:54:34",CVE-2021-38296
"2019-02-01 02:54:34",CVE-2022-31777
"2019-02-01 02:54:34",CVE-2022-33891
"2016-05-05 09:32:15",CVE-2017-7678
"2016-05-05 09:32:15",CVE-2018-11760
"2016-05-05 09:32:15",CVE-2018-11770
"2016-05-05 09:32:15",CVE-2018-11804
"2016-05-05 09:32:15",CVE-2018-1334
"2016-05-05 09:32:15",CVE-2018-17190
"2016-05-05 09:32:15",CVE-2019-10099
"2016-05-05 09:32:15",CVE-2020-9480
"2016-05-05 09:32:15",CVE-2021-38296
"2016-05-05 09:32:15",CVE-2022-31777
"2016-05-05 09:32:15",CVE-2022-33891
"2020-10-12 22:58:30",CVE-2018-11760
"2020-10-12 22:58:30",CVE-2018-11770
"2020-10-12 22:58:30",CVE-2018-11804
"2020-10-12 22:58:30",CVE-2018-1334
"2020-10-12 22:58:30",CVE-2018-17190
"2020-10-12 22:58:30",CVE-2018-8024
"2020-10-12 22:58:30",CVE-2019-10099
"2020-10-12 22:58:30",CVE-2020-9480
"2020-10-12 22:58:30",CVE-2021-38296
"2020-10-12 22:58:30",CVE-2022-31777
"2020-10-12 22:58:30",CVE-2022-33891
"2022-10-05 03:32:56",CVE-2017-12612
"2022-10-05 03:32:56",CVE-2017-7678
"2022-10-05 03:32:56",CVE-2018-11760
"2022-10-05 03:32:56",CVE-2018-11770
"2022-10-05 03:32:56",CVE-2018-11804
"2022-10-05 03:32:56",CVE-2018-1334
"2022-10-05 03:32:56",CVE-2018-17190
"2022-10-05 03:32:56",CVE-2018-8024
"2022-10-05 03:32:56",CVE-2019-10099
"2022-10-05 03:32:56",CVE-2020-9480
"2022-10-05 03:32:56",CVE-2021-38296
"2022-10-05 03:32:56",CVE-2022-31777
"2022-10-05 03:32:56",CVE-2022-33891
"2016-05-03 07:31:20",CVE-2017-12612
"2016-05-03 07:31:20",CVE-2017-7678
"2016-05-03 07:31:20",CVE-2018-11760
"2016-05-03 07:31:20",CVE-2018-11770
"2016-05-03 07:31:20",CVE-2018-11804
"2016-05-03 07:31:20",CVE-2018-1334
"2016-05-03 07:31:20",CVE-2018-17190
"2016-05-03 07:31:20",CVE-2019-10099
"2016-05-03 07:31:20",CVE-2020-9480
"2016-05-03 07:31:20",CVE-2021-38296
"2016-05-03 07:31:20",CVE-2022-31777
"2016-05-03 07:31:20",CVE-2022-33891
"2018-07-03 13:11:04",CVE-2017-12612
"2018-07-03 13:11:04",CVE-2017-7678
"2018-07-03 13:11:04",CVE-2018-11760
"2018-07-03 13:11:04",CVE-2018-11770
"2018-07-03 13:11:04",CVE-2018-11804
"2018-07-03 13:11:04",CVE-2018-1334
"2018-07-03 13:11:04",CVE-2018-17190
"2018-07-03 13:11:04",CVE-2018-8024
"2018-07-03 13:11:04",CVE-2019-10099
"2018-07-03 13:11:04",CVE-2020-9480
"2018-07-03 13:11:04",CVE-2021-38296
"2018-07-03 13:11:04",CVE-2022-31777
"2018-07-03 13:11:04",CVE-2022-33891
"2017-04-23 17:01:54",CVE-2017-12612
"2017-04-23 17:01:54",CVE-2017-7678
"2017-04-23 17:01:54",CVE-2018-11760
"2017-04-23 17:01:54",CVE-2018-11770
"2017-04-23 17:01:54",CVE-2018-11804
"2017-04-23 17:01:54",CVE-2018-1334
"2017-04-23 17:01:54",CVE-2018-17190
"2017-04-23 17:01:54",CVE-2018-8024
"2017-04-23 17:01:54",CVE-2019-10099
"2017-04-23 17:01:54",CVE-2020-9480
"2017-04-23 17:01:54",CVE-2021-38296
"2017-04-23 17:01:54",CVE-2022-31777
"2017-04-23 17:01:54",CVE-2022-33891
"2021-08-13 15:33:11",CVE-2018-11770
"2021-08-13 15:33:11",CVE-2018-11804
"2021-08-13 15:33:11",CVE-2018-17190
"2021-08-13 15:33:11",CVE-2020-9480
"2021-08-13 15:33:11",CVE-2021-38296
"2021-08-13 15:33:11",CVE-2022-31777
"2021-08-13 15:33:11",CVE-2022-33891
"2017-05-16 01:54:49",CVE-2017-12612
"2017-05-16 01:54:49",CVE-2017-7678
"2017-05-16 01:54:49",CVE-2018-11760
"2017-05-16 01:54:49",CVE-2018-11770
"2017-05-16 01:54:49",CVE-2018-11804
"2017-05-16 01:54:49",CVE-2018-1334
"2017-05-16 01:54:49",CVE-2018-17190
"2017-05-16 01:54:49",CVE-2018-8024
"2017-05-16 01:54:49",CVE-2019-10099
"2017-05-16 01:54:49",CVE-2020-9480
"2017-05-16 01:54:49",CVE-2021-38296
"2017-05-16 01:54:49",CVE-2022-31777
"2017-05-16 01:54:49",CVE-2022-33891
"2014-11-17 22:07:47",CVE-2017-7678
"2014-11-17 22:07:47",CVE-2018-1334
"2014-11-17 22:07:47",CVE-2018-17190
"2014-11-17 22:07:47",CVE-2020-9480
"2014-11-17 22:07:47",CVE-2021-38296
"2014-11-17 22:07:47",CVE-2022-31777
"2014-11-17 22:07:47",CVE-2022-33891
"2015-11-23 09:51:01",CVE-2017-7678
"2015-11-23 09:51:01",CVE-2018-11760
"2015-11-23 09:51:01",CVE-2018-11770
"2015-11-23 09:51:01",CVE-2018-11804
"2015-11-23 09:51:01",CVE-2018-1334
"2015-11-23 09:51:01",CVE-2018-17190
"2015-11-23 09:51:01",CVE-2019-10099
"2015-11-23 09:51:01",CVE-2020-9480
"2015-11-23 09:51:01",CVE-2021-38296
"2015-11-23 09:51:01",CVE-2022-31777
"2015-11-23 09:51:01",CVE-2022-33891
"2018-01-09 22:59:12",CVE-2018-11760
"2018-01-09 22:59:12",CVE-2018-11770
"2018-01-09 22:59:12",CVE-2018-11804
"2018-01-09 22:59:12",CVE-2018-1334
"2018-01-09 22:59:12",CVE-2018-17190
"2018-01-09 22:59:12",CVE-2018-8024
"2018-01-09 22:59:12",CVE-2019-10099
"2018-01-09 22:59:12",CVE-2020-9480
"2018-01-09 22:59:12",CVE-2021-38296
"2018-01-09 22:59:12",CVE-2022-31777
"2018-01-09 22:59:12",CVE-2022-33891
"2017-07-14 11:06:29",CVE-2017-7678
"2017-07-14 11:06:29",CVE-2018-11760
"2017-07-14 11:06:29",CVE-2018-11770
"2017-07-14 11:06:29",CVE-2018-11804
"2017-07-14 11:06:29",CVE-2018-1334
"2017-07-14 11:06:29",CVE-2018-17190
"2017-07-14 11:06:29",CVE-2019-10099
"2017-07-14 11:06:29",CVE-2020-9480
"2017-07-14 11:06:29",CVE-2021-38296
"2017-07-14 11:06:29",CVE-2022-31777
"2017-07-14 11:06:29",CVE-2022-33891
"2023-04-21 20:44:51",CVE-2018-11770
"2023-04-21 20:44:51",CVE-2018-11804
"2023-04-21 20:44:51",CVE-2018-17190
"2023-04-21 20:44:51",CVE-2020-9480
"2023-04-21 20:44:51",CVE-2021-38296
"2023-04-21 20:44:51",CVE-2022-31777
"2023-04-21 20:44:51",CVE-2022-33891
"2022-12-16 00:44:33",CVE-2018-11760
"2022-12-16 00:44:33",CVE-2018-11770
"2022-12-16 00:44:33",CVE-2018-11804
"2022-12-16 00:44:33",CVE-2018-1334
"2022-12-16 00:44:33",CVE-2018-17190
"2022-12-16 00:44:33",CVE-2018-8024
"2022-12-16 00:44:33",CVE-2019-10099
"2022-12-16 00:44:33",CVE-2020-9480
"2022-12-16 00:44:33",CVE-2021-38296
"2022-12-16 00:44:33",CVE-2022-31777
"2022-12-16 00:44:33",CVE-2022-33891
"2016-01-19 20:54:30",CVE-2017-12612
"2016-01-19 20:54:30",CVE-2017-7678
"2016-01-19 20:54:30",CVE-2018-11760
"2016-01-19 20:54:30",CVE-2018-11770
"2016-01-19 20:54:30",CVE-2018-11804
"2016-01-19 20:54:30",CVE-2018-1334
"2016-01-19 20:54:30",CVE-2018-17190
"2016-01-19 20:54:30",CVE-2019-10099
"2016-01-19 20:54:30",CVE-2020-9480
"2016-01-19 20:54:30",CVE-2021-38296
"2016-01-19 20:54:30",CVE-2022-31777
"2016-01-19 20:54:30",CVE-2022-33891
"2018-11-19 09:35:11",CVE-2018-11760
"2018-11-19 09:35:11",CVE-2018-11770
"2018-11-19 09:35:11",CVE-2018-11804
"2018-11-19 09:35:11",CVE-2018-1334
"2018-11-19 09:35:11",CVE-2018-17190
"2018-11-19 09:35:11",CVE-2018-8024
"2018-11-19 09:35:11",CVE-2019-10099
"2018-11-19 09:35:11",CVE-2020-9480
"2018-11-19 09:35:11",CVE-2021-38296
"2018-11-19 09:35:11",CVE-2022-31777
"2018-11-19 09:35:11",CVE-2022-33891
"2022-06-20 23:17:29",CVE-2018-11770
"2022-06-20 23:17:29",CVE-2018-11804
"2022-06-20 23:17:29",CVE-2018-17190
"2022-06-20 23:17:29",CVE-2021-38296
"2022-06-20 23:17:29",CVE-2022-31777
"2022-06-20 23:17:29",CVE-2022-33891
"2023-04-24 05:43:44",CVE-2018-11770
"2023-04-24 05:43:44",CVE-2018-11804
"2023-04-24 05:43:44",CVE-2018-17190
"2015-05-03 12:49:11",CVE-2017-7678
"2015-05-03 12:49:11",CVE-2018-11760
"2015-05-03 12:49:11",CVE-2018-11770
"2015-05-03 12:49:11",CVE-2018-11804
"2015-05-03 12:49:11",CVE-2018-1334
"2015-05-03 12:49:11",CVE-2018-17190
"2015-05-03 12:49:11",CVE-2019-10099
"2015-05-03 12:49:11",CVE-2020-9480
"2015-05-03 12:49:11",CVE-2021-38296
"2015-05-03 12:49:11",CVE-2022-31777
"2015-05-03 12:49:11",CVE-2022-33891
"2022-03-16 04:04:56",CVE-2018-11770
"2022-03-16 04:04:56",CVE-2018-11804
"2022-03-16 04:04:56",CVE-2018-17190
"2022-03-16 04:04:56",CVE-2020-9480
"2022-03-16 04:04:56",CVE-2021-38296
"2022-03-16 04:04:56",CVE-2022-31777
"2022-03-16 04:04:56",CVE-2022-33891
"2019-09-05 07:32:01",CVE-2018-11770
"2019-09-05 07:32:01",CVE-2018-11804
"2019-09-05 07:32:01",CVE-2018-17190
"2019-09-05 07:32:01",CVE-2020-9480
"2019-09-05 07:32:01",CVE-2021-38296
"2019-09-05 07:32:01",CVE-2022-31777
"2019-09-05 07:32:01",CVE-2022-33891
"2016-11-07 11:51:47",CVE-2017-12612
"2016-11-07 11:51:47",CVE-2017-7678
"2016-11-07 11:51:47",CVE-2018-11760
"2016-11-07 11:51:47",CVE-2018-11770
"2016-11-07 11:51:47",CVE-2018-11804
"2016-11-07 11:51:47",CVE-2018-1334
"2016-11-07 11:51:47",CVE-2018-17190
"2016-11-07 11:51:47",CVE-2019-10099
"2016-11-07 11:51:47",CVE-2020-9480
"2016-11-07 11:51:47",CVE-2021-38296
"2016-11-07 11:51:47",CVE-2022-31777
"2016-11-07 11:51:47",CVE-2022-33891
"2015-04-13 13:06:16",CVE-2017-7678
"2015-04-13 13:06:16",CVE-2018-11760
"2015-04-13 13:06:16",CVE-2018-1334
"2015-04-13 13:06:16",CVE-2018-17190
"2015-04-13 13:06:16",CVE-2019-10099
"2015-04-13 13:06:16",CVE-2020-9480
"2015-04-13 13:06:16",CVE-2021-38296
"2015-04-13 13:06:16",CVE-2022-31777
"2015-04-13 13:06:16",CVE-2022-33891
"2023-04-07 17:29:31",CVE-2018-11770
"2023-04-07 17:29:31",CVE-2018-11804
"2023-04-07 17:29:31",CVE-2018-17190
"2023-04-07 17:29:31",CVE-2020-9480
"2023-04-07 17:29:31",CVE-2021-38296
"2023-04-07 17:29:31",CVE-2022-31777
"2023-04-07 17:29:31",CVE-2022-33891
"2022-09-08 01:14:19",CVE-2018-11760
"2022-09-08 01:14:19",CVE-2018-11770
"2022-09-08 01:14:19",CVE-2018-11804
"2022-09-08 01:14:19",CVE-2018-17190
"2022-09-08 01:14:19",CVE-2019-10099
"2022-09-08 01:14:19",CVE-2020-9480
"2022-09-08 01:14:19",CVE-2021-38296
"2022-09-08 01:14:19",CVE-2022-31777
"2022-09-08 01:14:19",CVE-2022-33891
"2020-06-20 14:07:06",CVE-2018-11770
"2020-06-20 14:07:06",CVE-2018-11804
"2020-06-20 14:07:06",CVE-2018-17190
"2020-06-20 14:07:06",CVE-2020-9480
"2020-06-20 14:07:06",CVE-2021-38296
"2020-06-20 14:07:06",CVE-2022-31777
"2020-06-20 14:07:06",CVE-2022-33891
"2017-07-04 02:18:34",CVE-2017-12612
"2017-07-04 02:18:34",CVE-2017-7678
"2017-07-04 02:18:34",CVE-2018-11760
"2017-07-04 02:18:34",CVE-2018-11770
"2017-07-04 02:18:34",CVE-2018-11804
"2017-07-04 02:18:34",CVE-2018-1334
"2017-07-04 02:18:34",CVE-2018-17190
"2017-07-04 02:18:34",CVE-2019-10099
"2017-07-04 02:18:34",CVE-2020-9480
"2017-07-04 02:18:34",CVE-2021-38296
"2017-07-04 02:18:34",CVE-2022-31777
"2017-07-04 02:18:34",CVE-2022-33891
"2019-10-24 10:34:04",CVE-2017-7678
"2019-10-24 10:34:04",CVE-2018-11760
"2019-10-24 10:34:04",CVE-2018-11770
"2019-10-24 10:34:04",CVE-2018-11804
"2019-10-24 10:34:04",CVE-2018-1334
"2019-10-24 10:34:04",CVE-2018-17190
"2019-10-24 10:34:04",CVE-2019-10099
"2019-10-24 10:34:04",CVE-2020-9480
"2019-10-24 10:34:04",CVE-2021-38296
"2019-10-24 10:34:04",CVE-2022-31777
"2019-10-24 10:34:04",CVE-2022-33891
"2016-05-12 18:07:30",CVE-2017-7678
"2016-05-12 18:07:30",CVE-2018-11760
"2016-05-12 18:07:30",CVE-2018-11770
"2016-05-12 18:07:30",CVE-2018-11804
"2016-05-12 18:07:30",CVE-2018-1334
"2016-05-12 18:07:30",CVE-2018-17190
"2016-05-12 18:07:30",CVE-2019-10099
"2016-05-12 18:07:30",CVE-2020-9480
"2016-05-12 18:07:30",CVE-2021-38296
"2016-05-12 18:07:30",CVE-2022-31777
"2016-05-12 18:07:30",CVE-2022-33891
"2019-04-03 07:34:47",CVE-2018-11760
"2019-04-03 07:34:47",CVE-2018-11770
"2019-04-03 07:34:47",CVE-2018-11804
"2019-04-03 07:34:47",CVE-2018-1334
"2019-04-03 07:34:47",CVE-2018-17190
"2019-04-03 07:34:47",CVE-2018-8024
"2019-04-03 07:34:47",CVE-2019-10099
"2019-04-03 07:34:47",CVE-2020-9480
"2019-04-03 07:34:47",CVE-2021-38296
"2019-04-03 07:34:47",CVE-2022-31777
"2019-04-03 07:34:47",CVE-2022-33891
"2022-02-26 08:45:07",CVE-2018-11770
"2022-02-26 08:45:07",CVE-2018-11804
"2022-02-26 08:45:07",CVE-2018-17190
"2022-02-26 08:45:07",CVE-2021-38296
"2022-02-26 08:45:07",CVE-2022-31777
"2022-02-26 08:45:07",CVE-2022-33891
"2018-08-14 19:41:39",CVE-2018-11760
"2018-08-14 19:41:39",CVE-2018-11770
"2018-08-14 19:41:39",CVE-2018-11804
"2018-08-14 19:41:39",CVE-2018-17190
"2018-08-14 19:41:39",CVE-2019-10099
"2018-08-14 19:41:39",CVE-2020-9480
"2018-08-14 19:41:39",CVE-2021-38296
"2018-08-14 19:41:39",CVE-2022-31777
"2018-08-14 19:41:39",CVE-2022-33891
"2018-11-13 20:49:34",CVE-2017-12612
"2018-11-13 20:49:34",CVE-2017-7678
"2018-11-13 20:49:34",CVE-2018-11760
"2018-11-13 20:49:34",CVE-2018-11770
"2018-11-13 20:49:34",CVE-2018-11804
"2018-11-13 20:49:34",CVE-2018-1334
"2018-11-13 20:49:34",CVE-2018-17190
"2018-11-13 20:49:34",CVE-2018-8024
"2018-11-13 20:49:34",CVE-2019-10099
"2018-11-13 20:49:34",CVE-2020-9480
"2018-11-13 20:49:34",CVE-2021-38296
"2018-11-13 20:49:34",CVE-2022-31777
"2018-11-13 20:49:34",CVE-2022-33891
"2019-05-13 10:06:04",CVE-2018-11770
"2019-05-13 10:06:04",CVE-2018-11804
"2019-05-13 10:06:04",CVE-2018-17190
"2019-05-13 10:06:04",CVE-2020-9480
"2019-05-13 10:06:04",CVE-2021-38296
"2019-05-13 10:06:04",CVE-2022-31777
"2019-05-13 10:06:04",CVE-2022-33891
"2018-09-04 16:09:50",CVE-2017-12612
"2018-09-04 16:09:50",CVE-2017-7678
"2018-09-04 16:09:50",CVE-2018-11760
"2018-09-04 16:09:50",CVE-2018-11770
"2018-09-04 16:09:50",CVE-2018-11804
"2018-09-04 16:09:50",CVE-2018-1334
"2018-09-04 16:09:50",CVE-2018-17190
"2018-09-04 16:09:50",CVE-2019-10099
"2018-09-04 16:09:50",CVE-2020-9480
"2018-09-04 16:09:50",CVE-2021-38296
"2018-09-04 16:09:50",CVE-2022-31777
"2018-09-04 16:09:50",CVE-2022-33891
"2023-04-21 20:44:50",CVE-2018-11770
"2023-04-21 20:44:50",CVE-2018-11804
"2023-04-21 20:44:50",CVE-2018-17190
"2023-04-21 20:44:50",CVE-2021-38296
"2023-04-21 20:44:50",CVE-2022-31777
"2023-04-21 20:44:50",CVE-2022-33891
"2017-06-23 08:44:35",CVE-2017-12612
"2017-06-23 08:44:35",CVE-2017-7678
"2017-06-23 08:44:35",CVE-2018-11760
"2017-06-23 08:44:35",CVE-2018-11770
"2017-06-23 08:44:35",CVE-2018-11804
"2017-06-23 08:44:35",CVE-2018-1334
"2017-06-23 08:44:35",CVE-2018-17190
"2017-06-23 08:44:35",CVE-2019-10099
"2017-06-23 08:44:35",CVE-2020-9480
"2017-06-23 08:44:35",CVE-2021-38296
"2017-06-23 08:44:35",CVE-2022-31777
"2017-06-23 08:44:35",CVE-2022-33891
"2023-04-21 20:45:58",CVE-2018-11770
"2023-04-21 20:45:58",CVE-2018-11804
"2023-04-21 20:45:58",CVE-2018-17190
"2023-04-21 20:45:58",CVE-2019-10172
"2023-04-21 20:45:58",CVE-2021-38296
"2023-04-21 20:45:58",CVE-2022-31777
"2023-04-21 20:45:58",CVE-2022-33891
"2017-08-20 19:41:44",CVE-2017-12612
"2017-08-20 19:41:44",CVE-2017-7678
"2017-08-20 19:41:44",CVE-2018-11760
"2017-08-20 19:41:44",CVE-2018-11770
"2017-08-20 19:41:44",CVE-2018-11804
"2017-08-20 19:41:44",CVE-2018-1334
"2017-08-20 19:41:44",CVE-2018-17190
"2017-08-20 19:41:44",CVE-2019-10099
"2017-08-20 19:41:44",CVE-2020-9480
"2017-08-20 19:41:44",CVE-2021-38296
"2017-08-20 19:41:44",CVE-2022-31777
"2017-08-20 19:41:44",CVE-2022-33891
"2021-06-25 03:19:25",CVE-2018-11770
"2021-06-25 03:19:25",CVE-2018-11804
"2021-06-25 03:19:25",CVE-2018-17190
"2021-06-25 03:19:25",CVE-2020-27223
"2021-06-25 03:19:25",CVE-2021-38296
"2021-06-25 03:19:25",CVE-2022-31777
"2021-06-25 03:19:25",CVE-2022-33891
"2014-11-03 13:10:13",CVE-2017-7678
"2014-11-03 13:10:13",CVE-2018-11760
"2014-11-03 13:10:13",CVE-2018-1334
"2014-11-03 13:10:13",CVE-2018-17190
"2014-11-03 13:10:13",CVE-2019-10099
"2014-11-03 13:10:13",CVE-2020-9480
"2014-11-03 13:10:13",CVE-2021-38296
"2014-11-03 13:10:13",CVE-2022-31777
"2014-11-03 13:10:13",CVE-2022-33891
"2016-06-18 20:57:08",CVE-2017-12612
"2016-06-18 20:57:08",CVE-2017-7678
"2016-06-18 20:57:08",CVE-2018-11760
"2016-06-18 20:57:08",CVE-2018-11770
"2016-06-18 20:57:08",CVE-2018-11804
"2016-06-18 20:57:08",CVE-2018-1334
"2016-06-18 20:57:08",CVE-2018-17190
"2016-06-18 20:57:08",CVE-2019-10099
"2016-06-18 20:57:08",CVE-2020-9480
"2016-06-18 20:57:08",CVE-2021-38296
"2016-06-18 20:57:08",CVE-2022-31777
"2016-06-18 20:57:08",CVE-2022-33891
"2015-05-05 15:18:35",CVE-2017-7678
"2015-05-05 15:18:35",CVE-2018-11760
"2015-05-05 15:18:35",CVE-2018-11770
"2015-05-05 15:18:35",CVE-2018-11804
"2015-05-05 15:18:35",CVE-2018-1334
"2015-05-05 15:18:35",CVE-2018-17190
"2015-05-05 15:18:35",CVE-2019-10099
"2015-05-05 15:18:35",CVE-2020-9480
"2015-05-05 15:18:35",CVE-2021-38296
"2015-05-05 15:18:35",CVE-2022-31777
"2015-05-05 15:18:35",CVE-2022-33891
"2023-04-21 20:42:56",CVE-2018-11770
"2023-04-21 20:42:56",CVE-2018-11804
"2023-04-21 20:42:56",CVE-2018-17190
"2023-04-21 20:42:56",CVE-2020-9480
"2023-04-21 20:42:56",CVE-2021-38296
"2023-04-21 20:42:56",CVE-2022-31777
"2023-04-21 20:42:56",CVE-2022-33891
"2016-02-13 21:29:15",CVE-2017-7678
"2016-02-13 21:29:15",CVE-2018-11760
"2016-02-13 21:29:15",CVE-2018-1334
"2016-02-13 21:29:15",CVE-2018-17190
"2016-02-13 21:29:15",CVE-2019-10099
"2016-02-13 21:29:15",CVE-2020-9480
"2016-02-13 21:29:15",CVE-2021-38296
"2016-02-13 21:29:15",CVE-2022-31777
"2016-02-13 21:29:15",CVE-2022-33891
"2022-03-30 08:23:55",CVE-2018-11770
"2022-03-30 08:23:55",CVE-2018-11804
"2022-03-30 08:23:55",CVE-2018-17190
"2022-03-30 08:23:55",CVE-2021-38296
"2022-03-30 08:23:55",CVE-2022-31777
"2018-07-23 07:47:48",CVE-2018-11760
"2018-07-23 07:47:48",CVE-2018-11770
"2018-07-23 07:47:48",CVE-2018-11804
"2018-07-23 07:47:48",CVE-2018-1334
"2018-07-23 07:47:48",CVE-2018-17190
"2018-07-23 07:47:48",CVE-2018-8024
"2018-07-23 07:47:48",CVE-2019-10099
"2018-07-23 07:47:48",CVE-2020-9480
"2018-07-23 07:47:48",CVE-2021-38296
"2018-07-23 07:47:48",CVE-2022-31777
"2018-07-23 07:47:48",CVE-2022-33891
"2023-04-21 20:43:07",CVE-2018-11770
"2023-04-21 20:43:07",CVE-2018-11804
"2023-04-21 20:43:07",CVE-2018-17190
"2023-04-21 20:43:07",CVE-2020-9480
"2023-04-21 20:43:07",CVE-2021-38296
"2023-04-21 20:43:07",CVE-2022-31777
"2023-04-21 20:43:07",CVE-2022-33891
"2015-06-09 10:27:30",CVE-2017-7678
"2015-06-09 10:27:30",CVE-2018-11760
"2015-06-09 10:27:30",CVE-2018-11770
"2015-06-09 10:27:30",CVE-2018-11804
"2015-06-09 10:27:30",CVE-2018-1334
"2015-06-09 10:27:30",CVE-2018-17190
"2015-06-09 10:27:30",CVE-2019-10099
"2015-06-09 10:27:30",CVE-2020-9480
"2015-06-09 10:27:30",CVE-2021-38296
"2015-06-09 10:27:30",CVE-2022-31777
"2015-06-09 10:27:30",CVE-2022-33891
"2021-03-31 19:34:27",CVE-2018-11760
"2021-03-31 19:34:27",CVE-2018-11770
"2021-03-31 19:34:27",CVE-2018-11804
"2021-03-31 19:34:27",CVE-2018-17190
"2021-03-31 19:34:27",CVE-2019-10099
"2021-03-31 19:34:27",CVE-2020-9480
"2021-03-31 19:34:27",CVE-2021-38296
"2021-03-31 19:34:27",CVE-2022-31777
"2021-03-31 19:34:27",CVE-2022-33891
"2017-07-12 18:16:38",CVE-2017-12612
"2017-07-12 18:16:38",CVE-2017-7678
"2017-07-12 18:16:38",CVE-2018-11760
"2017-07-12 18:16:38",CVE-2018-11770
"2017-07-12 18:16:38",CVE-2018-11804
"2017-07-12 18:16:38",CVE-2018-1334
"2017-07-12 18:16:38",CVE-2018-17190
"2017-07-12 18:16:38",CVE-2018-8024
"2017-07-12 18:16:38",CVE-2019-10099
"2017-07-12 18:16:38",CVE-2020-9480
"2017-07-12 18:16:38",CVE-2021-38296
"2017-07-12 18:16:38",CVE-2022-31777
"2017-07-12 18:16:38",CVE-2022-33891
"2017-04-18 14:16:56",CVE-2017-12612
"2017-04-18 14:16:56",CVE-2017-7678
"2017-04-18 14:16:56",CVE-2018-11760
"2017-04-18 14:16:56",CVE-2018-11770
"2017-04-18 14:16:56",CVE-2018-11804
"2017-04-18 14:16:56",CVE-2018-1334
"2017-04-18 14:16:56",CVE-2018-17190
"2017-04-18 14:16:56",CVE-2018-8024
"2017-04-18 14:16:56",CVE-2019-10099
"2017-04-18 14:16:56",CVE-2020-9480
"2017-04-18 14:16:56",CVE-2021-38296
"2017-04-18 14:16:56",CVE-2022-31777
"2017-04-18 14:16:56",CVE-2022-33891
"2019-10-08 11:48:39",CVE-2018-11770
"2019-10-08 11:48:39",CVE-2018-11804
"2019-10-08 11:48:39",CVE-2018-17190
"2019-10-08 11:48:39",CVE-2020-9480
"2019-10-08 11:48:39",CVE-2021-38296
"2019-10-08 11:48:39",CVE-2022-31777
"2019-10-08 11:48:39",CVE-2022-33891
"2022-11-17 16:40:23",CVE-2018-11770
"2022-11-17 16:40:23",CVE-2018-11804
"2022-11-17 16:40:23",CVE-2018-17190
"2022-11-17 16:40:23",CVE-2022-31777
"2017-12-13 17:38:07",CVE-2018-11760
"2017-12-13 17:38:07",CVE-2018-11770
"2017-12-13 17:38:07",CVE-2018-11804
"2017-12-13 17:38:07",CVE-2018-1334
"2017-12-13 17:38:07",CVE-2018-17190
"2017-12-13 17:38:07",CVE-2018-8024
"2017-12-13 17:38:07",CVE-2019-10099
"2017-12-13 17:38:07",CVE-2020-9480
"2017-12-13 17:38:07",CVE-2021-38296
"2017-12-13 17:38:07",CVE-2022-31777
"2017-12-13 17:38:07",CVE-2022-33891
"2020-09-21 10:46:23",CVE-2018-11770
"2020-09-21 10:46:23",CVE-2018-11804
"2020-09-21 10:46:23",CVE-2018-17190
"2020-09-21 10:46:23",CVE-2019-10172
"2020-09-21 10:46:23",CVE-2021-38296
"2020-09-21 10:46:23",CVE-2022-31777
"2020-09-21 10:46:23",CVE-2022-33891
"2017-05-04 07:54:36",CVE-2017-12612
"2017-05-04 07:54:36",CVE-2017-7678
"2017-05-04 07:54:36",CVE-2018-11760
"2017-05-04 07:54:36",CVE-2018-11770
"2017-05-04 07:54:36",CVE-2018-11804
"2017-05-04 07:54:36",CVE-2018-1334
"2017-05-04 07:54:36",CVE-2018-17190
"2017-05-04 07:54:36",CVE-2018-8024
"2017-05-04 07:54:36",CVE-2019-10099
"2017-05-04 07:54:36",CVE-2020-9480
"2017-05-04 07:54:36",CVE-2021-38296
"2017-05-04 07:54:36",CVE-2022-31777
"2017-05-04 07:54:36",CVE-2022-33891
"2018-01-14 22:01:52",CVE-2018-11760
"2018-01-14 22:01:52",CVE-2018-11770
"2018-01-14 22:01:52",CVE-2018-11804
"2018-01-14 22:01:52",CVE-2018-1334
"2018-01-14 22:01:52",CVE-2018-17190
"2018-01-14 22:01:52",CVE-2018-8024
"2018-01-14 22:01:52",CVE-2019-10099
"2018-01-14 22:01:52",CVE-2020-9480
"2018-01-14 22:01:52",CVE-2021-38296
"2018-01-14 22:01:52",CVE-2022-31777
"2018-01-14 22:01:52",CVE-2022-33891
"2022-12-20 20:31:05",CVE-2018-11770
"2022-12-20 20:31:05",CVE-2018-11804
"2022-12-20 20:31:05",CVE-2018-17190
"2022-12-20 20:31:05",CVE-2021-38296
"2022-12-20 20:31:05",CVE-2022-31777
"2022-12-20 20:31:05",CVE-2022-33891
"2021-08-05 23:45:18",CVE-2018-11770
"2021-08-05 23:45:18",CVE-2018-11804
"2021-08-05 23:45:18",CVE-2018-17190
"2021-08-05 23:45:18",CVE-2020-9480
"2021-08-05 23:45:18",CVE-2021-38296
"2021-08-05 23:45:18",CVE-2022-31777
"2021-08-05 23:45:18",CVE-2022-33891
"2023-04-21 20:44:46",CVE-2018-11770
"2023-04-21 20:44:46",CVE-2018-11804
"2023-04-21 20:44:46",CVE-2018-17190
"2023-04-21 20:44:46",CVE-2021-38296
"2023-04-21 20:44:46",CVE-2022-31777
"2023-04-21 20:44:46",CVE-2022-33891
"2021-06-14 14:42:40",CVE-2018-11770
"2021-06-14 14:42:40",CVE-2018-11804
"2021-06-14 14:42:40",CVE-2018-17190
"2021-06-14 14:42:40",CVE-2020-27223
"2021-06-14 14:42:40",CVE-2021-38296
"2021-06-14 14:42:40",CVE-2022-31777
"2021-06-14 14:42:40",CVE-2022-33891
"2014-12-11 20:09:17",CVE-2017-7678
"2014-12-11 20:09:17",CVE-2018-11760
"2014-12-11 20:09:17",CVE-2018-1334
"2014-12-11 20:09:17",CVE-2018-17190
"2014-12-11 20:09:17",CVE-2019-10099
"2014-12-11 20:09:17",CVE-2020-9480
"2014-12-11 20:09:17",CVE-2021-38296
"2014-12-11 20:09:17",CVE-2022-31777
"2014-12-11 20:09:17",CVE-2022-33891
"2016-09-17 09:38:13",CVE-2017-12612
"2016-09-17 09:38:13",CVE-2017-7678
"2016-09-17 09:38:13",CVE-2018-11760
"2016-09-17 09:38:13",CVE-2018-11770
"2016-09-17 09:38:13",CVE-2018-11804
"2016-09-17 09:38:13",CVE-2018-1334
"2016-09-17 09:38:13",CVE-2018-17190
"2016-09-17 09:38:13",CVE-2019-10099
"2016-09-17 09:38:13",CVE-2020-9480
"2016-09-17 09:38:13",CVE-2021-38296
"2016-09-17 09:38:13",CVE-2022-31777
"2016-09-17 09:38:13",CVE-2022-33891
"2017-03-13 16:53:31",CVE-2017-12612
"2017-03-13 16:53:31",CVE-2017-7678
"2017-03-13 16:53:31",CVE-2018-11760
"2017-03-13 16:53:31",CVE-2018-11770
"2017-03-13 16:53:31",CVE-2018-11804
"2017-03-13 16:53:31",CVE-2018-1334
"2017-03-13 16:53:31",CVE-2018-17190
"2017-03-13 16:53:31",CVE-2019-10099
"2017-03-13 16:53:31",CVE-2020-9480
"2017-03-13 16:53:31",CVE-2021-38296
"2017-03-13 16:53:31",CVE-2022-31777
"2017-03-13 16:53:31",CVE-2022-33891
"2018-07-18 18:19:25",CVE-2018-11760
"2018-07-18 18:19:25",CVE-2018-11770
"2018-07-18 18:19:25",CVE-2018-11804
"2018-07-18 18:19:25",CVE-2018-1334
"2018-07-18 18:19:25",CVE-2018-17190
"2018-07-18 18:19:25",CVE-2018-8024
"2018-07-18 18:19:25",CVE-2019-10099
"2018-07-18 18:19:25",CVE-2020-9480
"2018-07-18 18:19:25",CVE-2021-38296
"2018-07-18 18:19:25",CVE-2022-31777
"2018-07-18 18:19:25",CVE-2022-33891
"2022-09-01 23:28:46",CVE-2018-11770
"2022-09-01 23:28:46",CVE-2018-11804
"2022-09-01 23:28:46",CVE-2018-17190
"2022-09-01 23:28:46",CVE-2021-38296
"2022-09-01 23:28:46",CVE-2022-31777
"2022-09-01 23:28:46",CVE-2022-33891
"2017-01-28 20:13:33",CVE-2017-12612
"2017-01-28 20:13:33",CVE-2017-7678
"2017-01-28 20:13:33",CVE-2018-11760
"2017-01-28 20:13:33",CVE-2018-11770
"2017-01-28 20:13:33",CVE-2018-11804
"2017-01-28 20:13:33",CVE-2018-1334
"2017-01-28 20:13:33",CVE-2018-17190
"2017-01-28 20:13:33",CVE-2018-8024
"2017-01-28 20:13:33",CVE-2019-10099
"2017-01-28 20:13:33",CVE-2020-9480
"2017-01-28 20:13:33",CVE-2021-38296
"2017-01-28 20:13:33",CVE-2022-31777
"2017-01-28 20:13:33",CVE-2022-33891
"2022-11-16 09:22:52",CVE-2018-11770
"2022-11-16 09:22:52",CVE-2018-11804
"2022-11-16 09:22:52",CVE-2018-17190
"2022-11-16 09:22:52",CVE-2020-9480
"2022-11-16 09:22:52",CVE-2021-38296
"2022-11-16 09:22:52",CVE-2022-31777
"2022-11-16 09:22:52",CVE-2022-33891
"2021-08-27 09:38:33",CVE-2018-11770
"2021-08-27 09:38:33",CVE-2018-11804
"2021-08-27 09:38:33",CVE-2018-17190
"2021-08-27 09:38:33",CVE-2021-38296
"2021-08-27 09:38:33",CVE-2022-31777
"2021-08-27 09:38:33",CVE-2022-33891
"2015-02-25 08:18:58",CVE-2017-7678
"2015-02-25 08:18:58",CVE-2018-11760
"2015-02-25 08:18:58",CVE-2018-1334
"2015-02-25 08:18:58",CVE-2018-17190
"2015-02-25 08:18:58",CVE-2019-10099
"2015-02-25 08:18:58",CVE-2020-9480
"2015-02-25 08:18:58",CVE-2021-38296
"2015-02-25 08:18:58",CVE-2022-31777
"2015-02-25 08:18:58",CVE-2022-33891
"2018-04-29 19:25:41",CVE-2018-11760
"2018-04-29 19:25:41",CVE-2018-11770
"2018-04-29 19:25:41",CVE-2018-11804
"2018-04-29 19:25:41",CVE-2018-1334
"2018-04-29 19:25:41",CVE-2018-17190
"2018-04-29 19:25:41",CVE-2018-8024
"2018-04-29 19:25:41",CVE-2019-10099
"2018-04-29 19:25:41",CVE-2020-9480
"2018-04-29 19:25:41",CVE-2021-38296
"2018-04-29 19:25:41",CVE-2022-31777
"2018-04-29 19:25:41",CVE-2022-33891
"2018-05-10 09:33:13",CVE-2018-11760
"2018-05-10 09:33:13",CVE-2018-11770
"2018-05-10 09:33:13",CVE-2018-11804
"2018-05-10 09:33:13",CVE-2018-1334
"2018-05-10 09:33:13",CVE-2018-17190
"2018-05-10 09:33:13",CVE-2018-8024
"2018-05-10 09:33:13",CVE-2019-10099
"2018-05-10 09:33:13",CVE-2020-9480
"2018-05-10 09:33:13",CVE-2021-38296
"2018-05-10 09:33:13",CVE-2022-31777
"2018-05-10 09:33:13",CVE-2022-33891
"2016-11-17 15:34:20",CVE-2017-12612
"2016-11-17 15:34:20",CVE-2017-7678
"2016-11-17 15:34:20",CVE-2018-11760
"2016-11-17 15:34:20",CVE-2018-11770
"2016-11-17 15:34:20",CVE-2018-11804
"2016-11-17 15:34:20",CVE-2018-1334
"2016-11-17 15:34:20",CVE-2018-17190
"2016-11-17 15:34:20",CVE-2019-10099
"2016-11-17 15:34:20",CVE-2020-9480
"2016-11-17 15:34:20",CVE-2021-38296
"2016-11-17 15:34:20",CVE-2022-31777
"2016-11-17 15:34:20",CVE-2022-33891
"2020-10-13 17:16:06",CVE-2018-11770
"2020-10-13 17:16:06",CVE-2018-11804
"2020-10-13 17:16:06",CVE-2018-17190
"2020-10-13 17:16:06",CVE-2020-9480
"2020-10-13 17:16:06",CVE-2021-38296
"2020-10-13 17:16:06",CVE-2022-31777
"2020-10-13 17:16:06",CVE-2022-33891
"2023-03-27 10:47:48",CVE-2018-11770
"2023-03-27 10:47:48",CVE-2018-11804
"2023-03-27 10:47:48",CVE-2018-17190
"2023-03-27 10:47:48",CVE-2020-27223
"2023-03-27 10:47:48",CVE-2021-38296
"2023-03-27 10:47:48",CVE-2022-31777
"2023-03-27 10:47:48",CVE-2022-33891
"2020-07-18 03:26:48",CVE-2018-11770
"2020-07-18 03:26:48",CVE-2018-11804
"2020-07-18 03:26:48",CVE-2018-17190
"2020-07-18 03:26:48",CVE-2020-9480
"2020-07-18 03:26:48",CVE-2021-38296
"2020-07-18 03:26:48",CVE-2022-31777
"2020-07-18 03:26:48",CVE-2022-33891
"2020-10-20 01:14:50",CVE-2018-11770
"2020-10-20 01:14:50",CVE-2018-11804
"2020-10-20 01:14:50",CVE-2018-17190
"2020-10-20 01:14:50",CVE-2020-9480
"2020-10-20 01:14:50",CVE-2021-38296
"2020-10-20 01:14:50",CVE-2022-31777
"2020-10-20 01:14:50",CVE-2022-33891
"2018-06-01 07:15:57",CVE-2018-11760
"2018-06-01 07:15:57",CVE-2018-11770
"2018-06-01 07:15:57",CVE-2018-11804
"2018-06-01 07:15:57",CVE-2018-1334
"2018-06-01 07:15:57",CVE-2018-17190
"2018-06-01 07:15:57",CVE-2018-8024
"2018-06-01 07:15:57",CVE-2019-10099
"2018-06-01 07:15:57",CVE-2020-9480
"2018-06-01 07:15:57",CVE-2021-38296
"2018-06-01 07:15:57",CVE-2022-31777
"2018-06-01 07:15:57",CVE-2022-33891
"2020-12-11 21:27:54",CVE-2018-11770
"2020-12-11 21:27:54",CVE-2018-11804
"2020-12-11 21:27:54",CVE-2018-17190
"2020-12-11 21:27:54",CVE-2020-9480
"2020-12-11 21:27:54",CVE-2021-38296
"2020-12-11 21:27:54",CVE-2022-31777
"2020-12-11 21:27:54",CVE-2022-33891
"2018-07-25 08:49:09",CVE-2018-11760
"2018-07-25 08:49:09",CVE-2018-11770
"2018-07-25 08:49:09",CVE-2018-11804
"2018-07-25 08:49:09",CVE-2018-1334
"2018-07-25 08:49:09",CVE-2018-17190
"2018-07-25 08:49:09",CVE-2018-8024
"2018-07-25 08:49:09",CVE-2019-10099
"2018-07-25 08:49:09",CVE-2020-9480
"2018-07-25 08:49:09",CVE-2021-38296
"2018-07-25 08:49:09",CVE-2022-31777
"2018-07-25 08:49:09",CVE-2022-33891
"2017-09-09 11:13:22",CVE-2018-11760
"2017-09-09 11:13:22",CVE-2018-11770
"2017-09-09 11:13:22",CVE-2018-11804
"2017-09-09 11:13:22",CVE-2018-1334
"2017-09-09 11:13:22",CVE-2018-17190
"2017-09-09 11:13:22",CVE-2018-8024
"2017-09-09 11:13:22",CVE-2019-10099
"2017-09-09 11:13:22",CVE-2020-9480
"2017-09-09 11:13:22",CVE-2021-38296
"2017-09-09 11:13:22",CVE-2022-31777
"2017-09-09 11:13:22",CVE-2022-33891
"2020-04-24 19:32:21",CVE-2018-11760
"2020-04-24 19:32:21",CVE-2018-11770
"2020-04-24 19:32:21",CVE-2018-11804
"2020-04-24 19:32:21",CVE-2018-1334
"2020-04-24 19:32:21",CVE-2018-17190
"2020-04-24 19:32:21",CVE-2018-8024
"2020-04-24 19:32:21",CVE-2019-10099
"2020-04-24 19:32:21",CVE-2020-9480
"2020-04-24 19:32:21",CVE-2021-38296
"2020-04-24 19:32:21",CVE-2022-31777
"2020-04-24 19:32:21",CVE-2022-33891
"2023-03-09 09:26:40",CVE-2018-11770
"2023-03-09 09:26:40",CVE-2018-11804
"2023-03-09 09:26:40",CVE-2018-17190
"2023-03-09 09:26:40",CVE-2021-38296
"2023-03-09 09:26:40",CVE-2022-31777
"2023-03-09 09:26:40",CVE-2022-33891
"2020-01-31 14:49:44",CVE-2017-7678
"2020-01-31 14:49:44",CVE-2018-11760
"2020-01-31 14:49:44",CVE-2018-11770
"2020-01-31 14:49:44",CVE-2018-11804
"2020-01-31 14:49:44",CVE-2018-1334
"2020-01-31 14:49:44",CVE-2018-17190
"2020-01-31 14:49:44",CVE-2019-10099
"2020-01-31 14:49:44",CVE-2020-9480
"2020-01-31 14:49:44",CVE-2021-38296
"2020-01-31 14:49:44",CVE-2022-31777
"2020-01-31 14:49:44",CVE-2022-33891
"2017-07-14 22:10:58",CVE-2017-12612
"2017-07-14 22:10:58",CVE-2017-7678
"2017-07-14 22:10:58",CVE-2018-11760
"2017-07-14 22:10:58",CVE-2018-11770
"2017-07-14 22:10:58",CVE-2018-11804
"2017-07-14 22:10:58",CVE-2018-1334
"2017-07-14 22:10:58",CVE-2018-17190
"2017-07-14 22:10:58",CVE-2018-8024
"2017-07-14 22:10:58",CVE-2019-10099
"2017-07-14 22:10:58",CVE-2020-9480
"2017-07-14 22:10:58",CVE-2021-38296
"2017-07-14 22:10:58",CVE-2022-31777
"2017-07-14 22:10:58",CVE-2022-33891
"2022-10-28 12:50:19",CVE-2018-11760
"2022-10-28 12:50:19",CVE-2018-11770
"2022-10-28 12:50:19",CVE-2018-11804
"2022-10-28 12:50:19",CVE-2018-1334
"2022-10-28 12:50:19",CVE-2018-17190
"2022-10-28 12:50:19",CVE-2018-8024
"2022-10-28 12:50:19",CVE-2019-10099
"2022-10-28 12:50:19",CVE-2020-9480
"2022-10-28 12:50:19",CVE-2021-38296
"2022-10-28 12:50:19",CVE-2022-31777
"2022-10-28 12:50:19",CVE-2022-33891
"2020-06-14 19:12:20",CVE-2018-11770
"2020-06-14 19:12:20",CVE-2018-11804
"2020-06-14 19:12:20",CVE-2018-17190
"2020-06-14 19:12:20",CVE-2020-9480
"2020-06-14 19:12:20",CVE-2021-38296
"2020-06-14 19:12:20",CVE-2022-31777
"2020-06-14 19:12:20",CVE-2022-33891
"2019-10-08 07:02:50",CVE-2018-11760
"2019-10-08 07:02:50",CVE-2018-11770
"2019-10-08 07:02:50",CVE-2018-11804
"2019-10-08 07:02:50",CVE-2018-1334
"2019-10-08 07:02:50",CVE-2018-17190
"2019-10-08 07:02:50",CVE-2018-8024
"2019-10-08 07:02:50",CVE-2019-10099
"2019-10-08 07:02:50",CVE-2020-9480
"2019-10-08 07:02:50",CVE-2021-38296
"2019-10-08 07:02:50",CVE-2022-31777
"2019-10-08 07:02:50",CVE-2022-33891
"2017-09-25 00:10:34",CVE-2018-11760
"2017-09-25 00:10:34",CVE-2018-11770
"2017-09-25 00:10:34",CVE-2018-11804
"2017-09-25 00:10:34",CVE-2018-1334
"2017-09-25 00:10:34",CVE-2018-17190
"2017-09-25 00:10:34",CVE-2018-8024
"2017-09-25 00:10:34",CVE-2019-10099
"2017-09-25 00:10:34",CVE-2020-9480
"2017-09-25 00:10:34",CVE-2021-38296
"2017-09-25 00:10:34",CVE-2022-31777
"2017-09-25 00:10:34",CVE-2022-33891
"2021-03-12 12:59:46",CVE-2018-11760
"2021-03-12 12:59:46",CVE-2018-11770
"2021-03-12 12:59:46",CVE-2018-11804
"2021-03-12 12:59:46",CVE-2018-1334
"2021-03-12 12:59:46",CVE-2018-17190
"2021-03-12 12:59:46",CVE-2018-8024
"2021-03-12 12:59:46",CVE-2019-10099
"2021-03-12 12:59:46",CVE-2020-9480
"2021-03-12 12:59:46",CVE-2021-38296
"2021-03-12 12:59:46",CVE-2022-31777
"2021-03-12 12:59:46",CVE-2022-33891
"2023-04-19 07:32:41",CVE-2018-11770
"2023-04-19 07:32:41",CVE-2018-11804
"2023-04-19 07:32:41",CVE-2018-17190
"2018-08-24 23:40:00",CVE-2017-7678
"2018-08-24 23:40:00",CVE-2018-11760
"2018-08-24 23:40:00",CVE-2018-11770
"2018-08-24 23:40:00",CVE-2018-11804
"2018-08-24 23:40:00",CVE-2018-1334
"2018-08-24 23:40:00",CVE-2018-17190
"2018-08-24 23:40:00",CVE-2019-10099
"2018-08-24 23:40:00",CVE-2020-9480
"2018-08-24 23:40:00",CVE-2021-38296
"2018-08-24 23:40:00",CVE-2022-31777
"2018-08-24 23:40:00",CVE-2022-33891
"2017-04-11 08:23:33",CVE-2017-7678
"2017-04-11 08:23:33",CVE-2018-1334
"2017-04-11 08:23:33",CVE-2018-17190
"2017-04-11 08:23:33",CVE-2020-9480
"2017-04-11 08:23:33",CVE-2021-38296
"2017-04-11 08:23:33",CVE-2022-31777
"2017-04-11 08:23:33",CVE-2022-33891
"2016-09-01 22:54:00",CVE-2017-12612
"2016-09-01 22:54:00",CVE-2017-7678
"2016-09-01 22:54:00",CVE-2018-11760
"2016-09-01 22:54:00",CVE-2018-11770
"2016-09-01 22:54:00",CVE-2018-11804
"2016-09-01 22:54:00",CVE-2018-1334
"2016-09-01 22:54:00",CVE-2018-17190
"2016-09-01 22:54:00",CVE-2019-10099
"2016-09-01 22:54:00",CVE-2020-9480
"2016-09-01 22:54:00",CVE-2021-38296
"2016-09-01 22:54:00",CVE-2022-31777
"2016-09-01 22:54:00",CVE-2022-33891
"2019-08-21 18:09:08",CVE-2018-11760
"2019-08-21 18:09:08",CVE-2018-11770
"2019-08-21 18:09:08",CVE-2018-11804
"2019-08-21 18:09:08",CVE-2018-1334
"2019-08-21 18:09:08",CVE-2018-17190
"2019-08-21 18:09:08",CVE-2018-8024
"2019-08-21 18:09:08",CVE-2019-10099
"2019-08-21 18:09:08",CVE-2020-9480
"2019-08-21 18:09:08",CVE-2021-38296
"2019-08-21 18:09:08",CVE-2022-31777
"2019-08-21 18:09:08",CVE-2022-33891
"2019-03-26 13:37:30",CVE-2018-11760
"2019-03-26 13:37:30",CVE-2018-11770
"2019-03-26 13:37:30",CVE-2018-11804
"2019-03-26 13:37:30",CVE-2018-1334
"2019-03-26 13:37:30",CVE-2018-17190
"2019-03-26 13:37:30",CVE-2018-8024
"2019-03-26 13:37:30",CVE-2019-10099
"2019-03-26 13:37:30",CVE-2020-9480
"2019-03-26 13:37:30",CVE-2021-38296
"2019-03-26 13:37:30",CVE-2022-31777
"2019-03-26 13:37:30",CVE-2022-33891
"2015-08-31 12:50:54",CVE-2017-7678
"2015-08-31 12:50:54",CVE-2018-11760
"2015-08-31 12:50:54",CVE-2018-11770
"2015-08-31 12:50:54",CVE-2018-11804
"2015-08-31 12:50:54",CVE-2018-1334
"2015-08-31 12:50:54",CVE-2018-17190
"2015-08-31 12:50:54",CVE-2019-10099
"2015-08-31 12:50:54",CVE-2020-9480
"2015-08-31 12:50:54",CVE-2021-38296
"2015-08-31 12:50:54",CVE-2022-31777
"2015-08-31 12:50:54",CVE-2022-33891
"2018-10-27 20:50:05",CVE-2018-11760
"2018-10-27 20:50:05",CVE-2018-11770
"2018-10-27 20:50:05",CVE-2018-11804
"2018-10-27 20:50:05",CVE-2018-17190
"2018-10-27 20:50:05",CVE-2019-10099
"2018-10-27 20:50:05",CVE-2020-9480
"2018-10-27 20:50:05",CVE-2021-38296
"2018-10-27 20:50:05",CVE-2022-31777
"2018-10-27 20:50:05",CVE-2022-33891
"2017-05-20 03:51:13",CVE-2017-12612
"2017-05-20 03:51:13",CVE-2017-7678
"2017-05-20 03:51:13",CVE-2018-11760
"2017-05-20 03:51:13",CVE-2018-11770
"2017-05-20 03:51:13",CVE-2018-11804
"2017-05-20 03:51:13",CVE-2018-1334
"2017-05-20 03:51:13",CVE-2018-17190
"2017-05-20 03:51:13",CVE-2018-8024
"2017-05-20 03:51:13",CVE-2019-10099
"2017-05-20 03:51:13",CVE-2020-9480
"2017-05-20 03:51:13",CVE-2021-38296
"2017-05-20 03:51:13",CVE-2022-31777
"2017-05-20 03:51:13",CVE-2022-33891
"2015-10-24 21:42:48",CVE-2017-7678
"2015-10-24 21:42:48",CVE-2018-11760
"2015-10-24 21:42:48",CVE-2018-1334
"2015-10-24 21:42:48",CVE-2018-17190
"2015-10-24 21:42:48",CVE-2019-10099
"2015-10-24 21:42:48",CVE-2020-9480
"2015-10-24 21:42:48",CVE-2021-38296
"2015-10-24 21:42:48",CVE-2022-31777
"2015-10-24 21:42:48",CVE-2022-33891
"2021-05-05 16:10:22",CVE-2018-11770
"2021-05-05 16:10:22",CVE-2018-11804
"2021-05-05 16:10:22",CVE-2018-17190
"2021-05-05 16:10:22",CVE-2020-9480
"2021-05-05 16:10:22",CVE-2021-38296
"2021-05-05 16:10:22",CVE-2022-31777
"2021-05-05 16:10:22",CVE-2022-33891
"2023-04-21 20:47:56",CVE-2018-11770
"2023-04-21 20:47:56",CVE-2018-11804
"2023-04-21 20:47:56",CVE-2018-17190
"2023-04-21 20:47:56",CVE-2021-38296
"2023-04-21 20:47:56",CVE-2022-31777
"2023-04-21 20:47:56",CVE-2022-33891
"2018-09-01 19:32:44",CVE-2018-11760
"2018-09-01 19:32:44",CVE-2018-11770
"2018-09-01 19:32:44",CVE-2018-11804
"2018-09-01 19:32:44",CVE-2018-17190
"2018-09-01 19:32:44",CVE-2019-10099
"2018-09-01 19:32:44",CVE-2020-9480
"2018-09-01 19:32:44",CVE-2021-38296
"2018-09-01 19:32:44",CVE-2022-31777
"2018-09-01 19:32:44",CVE-2022-33891
"2018-05-07 16:12:17",CVE-2018-11760
"2018-05-07 16:12:17",CVE-2018-11770
"2018-05-07 16:12:17",CVE-2018-11804
"2018-05-07 16:12:17",CVE-2018-1334
"2018-05-07 16:12:17",CVE-2018-17190
"2018-05-07 16:12:17",CVE-2018-8024
"2018-05-07 16:12:17",CVE-2019-10099
"2018-05-07 16:12:17",CVE-2020-9480
"2018-05-07 16:12:17",CVE-2021-38296
"2018-05-07 16:12:17",CVE-2022-31777
"2018-05-07 16:12:17",CVE-2022-33891
"2021-11-06 22:55:06",CVE-2018-11770
"2021-11-06 22:55:06",CVE-2018-11804
"2021-11-06 22:55:06",CVE-2018-17190
"2021-11-06 22:55:06",CVE-2021-38296
"2021-11-06 22:55:06",CVE-2022-31777
"2021-11-06 22:55:06",CVE-2022-33891
"2020-08-03 03:29:34",CVE-2018-11770
"2020-08-03 03:29:34",CVE-2018-11804
"2020-08-03 03:29:34",CVE-2018-17190
"2020-08-03 03:29:34",CVE-2020-9480
"2020-08-03 03:29:34",CVE-2021-38296
"2020-08-03 03:29:34",CVE-2022-31777
"2020-08-03 03:29:34",CVE-2022-33891
"2016-11-10 14:19:49",CVE-2017-12612
"2016-11-10 14:19:49",CVE-2017-7678
"2016-11-10 14:19:49",CVE-2018-11760
"2016-11-10 14:19:49",CVE-2018-11770
"2016-11-10 14:19:49",CVE-2018-11804
"2016-11-10 14:19:49",CVE-2018-1334
"2016-11-10 14:19:49",CVE-2018-17190
"2016-11-10 14:19:49",CVE-2019-10099
"2016-11-10 14:19:49",CVE-2020-9480
"2016-11-10 14:19:49",CVE-2021-38296
"2016-11-10 14:19:49",CVE-2022-31777
"2016-11-10 14:19:49",CVE-2022-33891
"2018-05-30 10:09:20",CVE-2018-11760
"2018-05-30 10:09:20",CVE-2018-11770
"2018-05-30 10:09:20",CVE-2018-11804
"2018-05-30 10:09:20",CVE-2018-1334
"2018-05-30 10:09:20",CVE-2018-17190
"2018-05-30 10:09:20",CVE-2018-8024
"2018-05-30 10:09:20",CVE-2019-10099
"2018-05-30 10:09:20",CVE-2020-9480
"2018-05-30 10:09:20",CVE-2021-38296
"2018-05-30 10:09:20",CVE-2022-31777
"2018-05-30 10:09:20",CVE-2022-33891
"2017-04-06 07:18:25",CVE-2017-12612
"2017-04-06 07:18:25",CVE-2017-7678
"2017-04-06 07:18:25",CVE-2018-11760
"2017-04-06 07:18:25",CVE-2018-11770
"2017-04-06 07:18:25",CVE-2018-11804
"2017-04-06 07:18:25",CVE-2018-1334
"2017-04-06 07:18:25",CVE-2018-17190
"2017-04-06 07:18:25",CVE-2019-10099
"2017-04-06 07:18:25",CVE-2020-9480
"2017-04-06 07:18:25",CVE-2021-38296
"2017-04-06 07:18:25",CVE-2022-31777
"2017-04-06 07:18:25",CVE-2022-33891
