"2023-04-07 21:01:59",CVE-2018-1332
"2023-04-07 21:01:59",CVE-2018-8008
"2023-04-07 21:01:59",CVE-2019-0202
"2021-08-17 05:28:43",CVE-2018-1331
"2021-08-17 05:28:43",CVE-2018-1332
"2021-08-17 05:28:43",CVE-2018-8008
"2021-08-17 05:28:43",CVE-2019-0202
"2021-08-17 05:28:43",CVE-2021-38294
"2021-08-17 05:28:43",CVE-2021-40865
"2020-10-12 20:54:13",CVE-2018-1332
"2020-10-12 20:54:13",CVE-2018-8008
"2022-12-15 23:26:05",CVE-2017-9799
"2022-12-15 23:26:05",CVE-2018-1331
"2022-12-15 23:26:05",CVE-2018-1332
"2022-12-15 23:26:05",CVE-2018-8008
"2022-12-15 23:26:05",CVE-2019-0202
"2022-12-15 23:26:05",CVE-2021-38294
"2022-12-15 23:26:05",CVE-2021-40865
"2015-05-18 18:06:20",CVE-2018-1332
"2015-05-18 18:06:20",CVE-2018-8008
"2015-05-18 18:06:20",CVE-2019-0202
"2018-07-27 07:18:57",CVE-2017-9799
"2018-07-27 07:18:57",CVE-2018-1331
"2018-07-27 07:18:57",CVE-2018-1332
"2018-07-27 07:18:57",CVE-2018-8008
"2018-07-27 07:18:57",CVE-2019-0202
"2018-07-27 07:18:57",CVE-2021-38294
"2018-07-27 07:18:57",CVE-2021-40865
"2020-02-11 05:07:28",CVE-2018-1332
"2020-02-11 05:07:28",CVE-2018-8008
"2020-02-11 05:07:28",CVE-2019-0202
"2013-04-29 15:09:25",CVE-2018-1332
"2013-04-29 15:09:25",CVE-2018-8008
"2021-01-08 09:01:55",CVE-2018-11779
"2021-01-08 09:01:55",CVE-2018-1332
"2021-01-08 09:01:55",CVE-2018-8008
"2021-01-08 09:01:55",CVE-2019-0202
"2021-01-08 09:01:55",CVE-2021-38294
"2021-01-08 09:01:55",CVE-2021-40865
"2016-08-06 07:35:59",CVE-2018-1332
"2016-08-06 07:35:59",CVE-2018-8008
"2016-08-06 07:35:59",CVE-2019-0202
"2017-07-21 00:51:58",CVE-2018-1332
"2017-07-21 00:51:58",CVE-2018-8008
"2017-07-21 00:51:58",CVE-2019-0202
"2012-10-03 20:34:55",CVE-2018-1332
"2012-10-03 20:34:55",CVE-2018-8008
"2020-02-11 15:01:31",CVE-2018-1332
"2020-02-11 15:01:31",CVE-2018-8008
"2018-12-06 06:35:26",CVE-2018-11779
"2018-12-06 06:35:26",CVE-2018-1332
"2018-12-06 06:35:26",CVE-2018-8008
"2018-12-06 06:35:26",CVE-2019-0202
"2018-12-06 06:35:26",CVE-2021-38294
"2018-12-06 06:35:26",CVE-2021-40865
"2014-12-03 07:04:33",CVE-2018-1332
"2014-12-03 07:04:33",CVE-2018-8008
"2014-12-03 07:04:33",CVE-2019-0202
"2016-07-23 12:48:53",CVE-2018-1332
"2016-07-23 12:48:53",CVE-2018-8008
"2016-07-23 12:48:53",CVE-2019-0202
"2017-05-01 15:29:47",
"2020-02-11 05:30:18",CVE-2018-1332
"2020-02-11 05:30:18",CVE-2018-8008
"2020-02-11 05:30:18",CVE-2019-0202
"2015-01-08 10:58:07",CVE-2018-1332
"2015-01-08 10:58:07",CVE-2018-8008
"2015-01-08 10:58:07",CVE-2019-0202
"2014-03-20 22:32:06",CVE-2018-1332
"2014-03-20 22:32:06",CVE-2018-8008
"2018-03-02 17:50:56",CVE-2018-1332
"2018-03-02 17:50:56",CVE-2018-8008
"2018-03-02 17:50:56",CVE-2019-0202
"2016-09-20 09:15:59",CVE-2018-1332
"2016-09-20 09:15:59",CVE-2018-8008
"2022-11-16 04:53:25",CVE-2018-1332
"2022-11-16 04:53:25",CVE-2018-8008
"2022-11-16 04:53:25",CVE-2019-0202
"2020-02-11 06:15:32",CVE-2018-1332
"2020-02-11 06:15:32",CVE-2018-8008
"2018-12-26 02:16:35",CVE-2017-9799
"2018-12-26 02:16:35",CVE-2018-1331
"2018-12-26 02:16:35",CVE-2018-1332
"2018-12-26 02:16:35",CVE-2018-8008
"2018-12-26 02:16:35",CVE-2019-0202
"2018-12-26 02:16:35",CVE-2021-38294
"2018-12-26 02:16:35",CVE-2021-40865
"2016-07-08 06:21:15",CVE-2018-1332
"2016-07-08 06:21:15",CVE-2018-8008
"2016-07-08 06:21:15",CVE-2019-0202
"2015-01-04 22:46:57",CVE-2018-1332
"2015-01-04 22:46:57",CVE-2018-8008
"2015-01-04 22:46:57",CVE-2019-0202
"2022-05-20 20:49:26",CVE-2021-38294
"2022-05-20 20:49:26",CVE-2021-40865
"2017-06-13 09:09:58",CVE-2017-9799
"2017-06-13 09:09:58",CVE-2018-1331
"2017-06-13 09:09:58",CVE-2018-1332
"2017-06-13 09:09:58",CVE-2018-8008
"2017-06-13 09:09:58",CVE-2019-0202
"2017-06-13 09:09:58",CVE-2021-38294
"2017-06-13 09:09:58",CVE-2021-40865
"2023-01-20 14:39:41",CVE-2018-11779
"2023-01-20 14:39:41",CVE-2019-0202
"2023-01-20 14:39:41",CVE-2021-38294
"2023-01-20 14:39:41",CVE-2021-40865
"2018-10-07 12:47:06",CVE-2018-1332
"2018-10-07 12:47:06",CVE-2018-8008
"2018-10-07 12:47:06",CVE-2019-0202
"2016-03-09 20:16:33",CVE-2018-1332
"2016-03-09 20:16:33",CVE-2018-8008
"2015-05-07 02:34:59",CVE-2018-1332
"2015-05-07 02:34:59",CVE-2018-8008
"2016-11-28 02:02:28",CVE-2018-1331
"2016-11-28 02:02:28",CVE-2018-1332
"2016-11-28 02:02:28",CVE-2018-8008
"2016-11-28 02:02:28",CVE-2019-0202
"2016-10-28 23:05:44",CVE-2017-9799
"2016-10-28 23:05:44",CVE-2018-1331
"2016-10-28 23:05:44",CVE-2018-1332
"2016-10-28 23:05:44",CVE-2018-8008
"2016-10-28 23:05:44",CVE-2019-0202
"2016-10-28 23:05:44",CVE-2021-38294
"2016-10-28 23:05:44",CVE-2021-40865
"2018-06-01 10:54:50",CVE-2018-11779
"2018-06-01 10:54:50",CVE-2018-1331
"2018-06-01 10:54:50",CVE-2018-1332
"2018-06-01 10:54:50",CVE-2018-8008
"2018-06-01 10:54:50",CVE-2019-0202
"2018-06-01 10:54:50",CVE-2021-38294
"2018-06-01 10:54:50",CVE-2021-40865
"2020-02-11 15:22:04",CVE-2018-1332
"2020-02-11 15:22:04",CVE-2018-8008
"2020-02-11 15:22:04",CVE-2019-0202
"2015-05-18 07:54:38",CVE-2018-1332
"2015-05-18 07:54:38",CVE-2018-8008
"2015-05-18 07:54:38",CVE-2019-0202
"2018-11-13 14:43:19",CVE-2018-11779
"2018-11-13 14:43:19",CVE-2018-1332
"2018-11-13 14:43:19",CVE-2018-8008
"2018-11-13 14:43:19",CVE-2019-0202
"2018-11-13 14:43:19",CVE-2021-38294
"2018-11-13 14:43:19",CVE-2021-40865
"2015-07-09 15:41:22",CVE-2018-1332
"2015-07-09 15:41:22",CVE-2018-8008
"2015-07-09 15:41:22",CVE-2019-0202
"2015-01-03 01:26:20",CVE-2018-1332
"2015-01-03 01:26:20",CVE-2018-8008
"2015-01-03 01:26:20",CVE-2019-0202
"2022-11-04 22:41:19",CVE-2018-1332
"2022-11-04 22:41:19",CVE-2018-8008
"2022-11-04 22:41:19",CVE-2019-0202
"2015-02-18 10:25:18",CVE-2018-1332
"2015-02-18 10:25:18",CVE-2018-8008
"2015-09-27 11:11:06",CVE-2015-3188
"2015-09-27 11:11:06",CVE-2018-1332
"2015-09-27 11:11:06",CVE-2018-8008
"2015-09-27 11:11:06",CVE-2019-0202
"2020-01-19 20:53:28",CVE-2018-11779
"2020-01-19 20:53:28",CVE-2018-1332
"2020-01-19 20:53:28",CVE-2018-8008
"2020-01-19 20:53:28",CVE-2019-0202
"2020-01-19 20:53:28",CVE-2021-38294
"2020-01-19 20:53:28",CVE-2021-40865
"2016-06-02 04:50:32",CVE-2017-9799
"2016-06-02 04:50:32",CVE-2018-1331
"2016-06-02 04:50:32",CVE-2018-1332
"2016-06-02 04:50:32",CVE-2018-8008
"2016-06-02 04:50:32",CVE-2019-0202
"2016-06-02 04:50:32",CVE-2021-38294
"2016-06-02 04:50:32",CVE-2021-40865
"2016-06-02 01:53:47",CVE-2018-1331
"2016-06-02 01:53:47",CVE-2018-1332
"2016-06-02 01:53:47",CVE-2018-8008
"2016-06-02 01:53:47",CVE-2019-0202
"2016-06-02 01:53:47",CVE-2021-38294
"2016-06-02 01:53:47",CVE-2021-40865
"2017-01-06 20:26:19",CVE-2015-3188
"2017-01-06 20:26:19",CVE-2018-1332
"2017-01-06 20:26:19",CVE-2018-8008
"2017-01-06 20:26:19",CVE-2019-0202
"2017-06-08 10:00:18",CVE-2017-9799
"2017-06-08 10:00:18",CVE-2018-1331
"2017-06-08 10:00:18",CVE-2018-1332
"2017-06-08 10:00:18",CVE-2018-8008
"2017-06-08 10:00:18",CVE-2019-0202
"2017-06-08 10:00:18",CVE-2021-38294
"2017-06-08 10:00:18",CVE-2021-40865
"2015-07-04 14:13:51",CVE-2018-1332
"2015-07-04 14:13:51",CVE-2018-8008
"2015-07-04 14:13:51",CVE-2019-0202
"2013-05-31 17:14:28",CVE-2018-1332
"2013-05-31 17:14:28",CVE-2018-8008
"2020-10-13 09:19:57",CVE-2018-1332
"2020-10-13 09:19:57",CVE-2018-8008
"2020-10-13 09:19:57",CVE-2019-0202
"2017-12-18 07:28:08",CVE-2018-1332
"2017-12-18 07:28:08",CVE-2018-8008
"2017-12-18 07:28:08",CVE-2019-0202
"2021-12-08 18:53:05",CVE-2018-11779
"2021-12-08 18:53:05",CVE-2019-0202
"2021-12-08 18:53:05",CVE-2021-38294
"2021-12-08 18:53:05",CVE-2021-40865
"2014-09-08 20:16:31",CVE-2018-1332
"2014-09-08 20:16:31",CVE-2018-8008
"2014-09-08 20:16:31",CVE-2019-0202
"2015-01-03 01:25:56",CVE-2018-1332
"2015-01-03 01:25:56",CVE-2018-8008
"2015-01-03 01:25:56",CVE-2019-0202
"2017-07-07 20:05:09",CVE-2018-1332
"2017-07-07 20:05:09",CVE-2018-8008
"2017-07-07 20:05:09",CVE-2019-0202
"2015-01-22 00:12:06",CVE-2018-1332
"2015-01-22 00:12:06",CVE-2018-8008
"2015-01-22 00:12:06",CVE-2019-0202
"2016-03-20 20:48:34",CVE-2018-1332
"2016-03-20 20:48:34",CVE-2018-8008
"2016-03-20 20:48:34",CVE-2019-0202
"2018-05-06 16:00:52",CVE-2017-9799
"2018-05-06 16:00:52",CVE-2018-1331
"2018-05-06 16:00:52",CVE-2018-1332
"2018-05-06 16:00:52",CVE-2018-8008
"2018-05-06 16:00:52",CVE-2019-0202
"2018-05-06 16:00:52",CVE-2021-38294
"2018-05-06 16:00:52",CVE-2021-40865
"2017-06-04 15:17:45",CVE-2017-9799
"2017-06-04 15:17:45",CVE-2018-1331
"2017-06-04 15:17:45",CVE-2018-1332
"2017-06-04 15:17:45",CVE-2018-8008
"2017-06-04 15:17:45",CVE-2019-0202
"2017-06-04 15:17:45",CVE-2021-38294
"2017-06-04 15:17:45",CVE-2021-40865
"2022-11-04 22:47:19",CVE-2018-1331
"2022-11-04 22:47:19",CVE-2018-1332
"2022-11-04 22:47:19",CVE-2018-8008
"2022-11-04 22:47:19",CVE-2019-0202
"2022-11-04 22:47:19",CVE-2021-38294
"2022-11-04 22:47:19",CVE-2021-40865
"2014-04-22 08:49:05",CVE-2018-1332
"2014-04-22 08:49:05",CVE-2018-8008
"2014-04-22 08:49:05",CVE-2019-0202
"2014-11-14 03:24:31",CVE-2018-1332
"2014-11-14 03:24:31",CVE-2018-8008
"2020-09-13 08:00:38",CVE-2018-11779
"2020-09-13 08:00:38",CVE-2018-1331
"2020-09-13 08:00:38",CVE-2018-1332
"2020-09-13 08:00:38",CVE-2018-8008
"2020-09-13 08:00:38",CVE-2019-0202
"2020-09-13 08:00:38",CVE-2021-38294
"2020-09-13 08:00:38",CVE-2021-40865
"2014-12-07 12:06:08",CVE-2015-3188
"2014-12-07 12:06:08",CVE-2018-1332
"2014-12-07 12:06:08",CVE-2018-8008
"2014-12-07 12:06:08",CVE-2019-0202
"2016-03-08 18:56:25",CVE-2018-1332
"2016-03-08 18:56:25",CVE-2018-8008
"2016-09-05 11:08:44",CVE-2018-1332
"2016-09-05 11:08:44",CVE-2018-8008
"2016-09-05 11:08:44",CVE-2019-0202
"2020-11-25 20:04:22",CVE-2018-11779
"2020-11-25 20:04:22",CVE-2018-1332
"2020-11-25 20:04:22",CVE-2018-8008
"2020-11-25 20:04:22",CVE-2019-0202
"2020-11-25 20:04:22",CVE-2021-38294
"2020-11-25 20:04:22",CVE-2021-40865
"2015-01-03 01:26:58",CVE-2018-1332
"2015-01-03 01:26:58",CVE-2018-8008
"2015-01-03 01:26:58",CVE-2019-0202
"2016-02-24 16:03:12",CVE-2018-1332
"2016-02-24 16:03:12",CVE-2018-8008
"2016-02-24 16:03:12",CVE-2019-0202
"2015-03-09 21:31:38",CVE-2018-1332
"2015-03-09 21:31:38",CVE-2018-8008
"2015-03-09 21:31:38",CVE-2019-0202
"2015-10-11 07:06:48",CVE-2015-3188
"2015-10-11 07:06:48",CVE-2018-1332
"2015-10-11 07:06:48",CVE-2018-8008
"2015-10-11 07:06:48",CVE-2019-0202
"2017-05-22 14:09:52",CVE-2015-3188
"2017-05-22 14:09:52",CVE-2018-1332
"2017-05-22 14:09:52",CVE-2018-8008
"2017-05-22 14:09:52",CVE-2019-0202
"2022-06-17 22:19:13",CVE-2018-1332
"2022-06-17 22:19:13",CVE-2018-8008
"2014-07-10 19:06:03",CVE-2018-1332
"2014-07-10 19:06:03",CVE-2018-8008
"2014-07-10 19:06:03",CVE-2019-0202
"2023-03-21 19:16:08",CVE-2018-11779
"2023-03-21 19:16:08",CVE-2019-0202
"2023-03-21 19:16:08",CVE-2021-38294
"2023-03-21 19:16:08",CVE-2021-40865
"2022-04-12 21:54:28",CVE-2018-11779
"2022-04-12 21:54:28",CVE-2018-1332
"2022-04-12 21:54:28",CVE-2018-8008
"2022-04-12 21:54:28",CVE-2019-0202
"2022-04-12 21:54:28",CVE-2021-38294
"2022-04-12 21:54:28",CVE-2021-40865
"2020-10-12 19:39:09",CVE-2018-1332
"2020-10-12 19:39:09",CVE-2018-8008
"2016-03-09 21:17:11",CVE-2018-1332
"2016-03-09 21:17:11",CVE-2018-8008
"2016-03-10 21:45:21",CVE-2018-1332
"2016-03-10 21:45:21",CVE-2018-8008
"2016-03-10 21:45:21",CVE-2019-0202
"2014-07-07 15:40:08",CVE-2018-1332
"2014-07-07 15:40:08",CVE-2018-8008
"2014-07-07 15:40:08",CVE-2019-0202
"2019-04-13 08:32:50",CVE-2018-11779
"2019-04-13 08:32:50",CVE-2019-0202
"2019-04-13 08:32:50",CVE-2021-38294
"2019-04-13 08:32:50",CVE-2021-40865
"2015-09-14 18:51:43",CVE-2018-1332
"2015-09-14 18:51:43",CVE-2018-8008
"2015-09-14 18:51:43",CVE-2019-0202
"2016-12-22 06:58:40",CVE-2017-9799
"2016-12-22 06:58:40",CVE-2018-1331
"2016-12-22 06:58:40",CVE-2018-1332
"2016-12-22 06:58:40",CVE-2018-8008
"2016-12-22 06:58:40",CVE-2019-0202
"2016-12-22 06:58:40",CVE-2021-38294
"2016-12-22 06:58:40",CVE-2021-40865
"2013-10-20 12:43:47",CVE-2018-1332
"2013-10-20 12:43:47",CVE-2018-8008
"2015-05-06 19:16:53",CVE-2018-1332
"2015-05-06 19:16:53",CVE-2018-8008
"2015-05-06 19:16:53",CVE-2019-0202
"2018-02-28 16:31:20",CVE-2018-11779
"2018-02-28 16:31:20",CVE-2018-1331
"2018-02-28 16:31:20",CVE-2018-1332
"2018-02-28 16:31:20",CVE-2018-8008
"2018-02-28 16:31:20",CVE-2019-0202
"2018-02-28 16:31:20",CVE-2021-38294
"2018-02-28 16:31:20",CVE-2021-40865
"2014-10-13 12:54:23",CVE-2018-1332
"2014-10-13 12:54:23",CVE-2018-8008
"2014-10-13 12:54:23",CVE-2019-0202
"2016-03-09 05:39:58",CVE-2018-1332
"2016-03-09 05:39:58",CVE-2018-8008
"2016-03-09 05:39:58",CVE-2019-0202
"2017-04-19 23:11:56",CVE-2015-3188
"2017-04-19 23:11:56",CVE-2018-1332
"2017-04-19 23:11:56",CVE-2018-8008
"2017-04-19 23:11:56",CVE-2019-0202
"2015-04-22 20:24:28",CVE-2018-1332
"2015-04-22 20:24:28",CVE-2018-8008
"2015-04-22 20:24:28",CVE-2019-0202
"2015-01-03 01:26:50",CVE-2018-1332
"2015-01-03 01:26:50",CVE-2018-8008
"2015-01-03 01:26:50",CVE-2019-0202
"2015-01-01 00:32:44",CVE-2018-1332
"2015-01-01 00:32:44",CVE-2018-8008
"2015-01-01 00:32:44",CVE-2019-0202
"2021-04-23 03:09:31",CVE-2018-1332
"2021-04-23 03:09:31",CVE-2018-8008
"2022-01-08 18:23:52",CVE-2018-1332
"2022-01-08 18:23:52",CVE-2018-8008
"2022-01-08 18:23:52",CVE-2019-0202
"2021-06-04 01:20:35",CVE-2018-1332
"2021-06-04 01:20:35",CVE-2018-8008
"2019-04-02 05:29:40",CVE-2018-11779
"2019-04-02 05:29:40",CVE-2019-0202
"2019-04-02 05:29:40",CVE-2021-38294
"2019-04-02 05:29:40",CVE-2021-40865
"2018-05-08 01:07:50",CVE-2018-11779
"2018-05-08 01:07:50",CVE-2018-1331
"2018-05-08 01:07:50",CVE-2018-1332
"2018-05-08 01:07:50",CVE-2018-8008
"2018-05-08 01:07:50",CVE-2019-0202
"2018-05-08 01:07:50",CVE-2021-38294
"2018-05-08 01:07:50",CVE-2021-40865
"2017-05-05 01:02:28",CVE-2018-1332
"2017-05-05 01:02:28",CVE-2018-8008
"2017-05-05 01:02:28",CVE-2019-0202
"2022-12-16 05:08:38",CVE-2018-11779
"2022-12-16 05:08:38",CVE-2019-0202
"2022-12-16 05:08:38",CVE-2021-38294
"2022-12-16 05:08:38",CVE-2021-40865
"2018-10-23 09:17:12",CVE-2018-11779
"2018-10-23 09:17:12",CVE-2018-1332
"2018-10-23 09:17:12",CVE-2018-8008
"2018-10-23 09:17:12",CVE-2019-0202
"2018-10-23 09:17:12",CVE-2021-38294
"2018-10-23 09:17:12",CVE-2021-40865
"2016-11-08 13:06:31",CVE-2018-1332
"2016-11-08 13:06:31",CVE-2018-8008
"2016-05-18 13:42:14",CVE-2018-1331
"2016-05-18 13:42:14",CVE-2018-1332
"2016-05-18 13:42:14",CVE-2018-8008
"2016-05-18 13:42:14",CVE-2019-0202
"2016-05-18 13:42:14",CVE-2021-38294
"2016-05-18 13:42:14",CVE-2021-40865
"2019-12-15 11:58:46",CVE-2018-1331
"2019-12-15 11:58:46",CVE-2018-1332
"2019-12-15 11:58:46",CVE-2018-8008
"2019-12-15 11:58:46",CVE-2019-0202
"2019-12-15 11:58:46",CVE-2021-38294
"2019-12-15 11:58:46",CVE-2021-40865
"2017-04-16 15:05:53",CVE-2017-9799
"2017-04-16 15:05:53",CVE-2018-1331
"2017-04-16 15:05:53",CVE-2018-1332
"2017-04-16 15:05:53",CVE-2018-8008
"2017-04-16 15:05:53",CVE-2019-0202
"2017-04-16 15:05:53",CVE-2021-38294
"2017-04-16 15:05:53",CVE-2021-40865
"2016-03-09 21:21:56",CVE-2018-1332
"2016-03-09 21:21:56",CVE-2018-8008
"2016-03-09 21:21:56",CVE-2019-0202
"2017-04-17 15:58:43",
"2016-03-03 16:14:48",CVE-2018-1332
"2016-03-03 16:14:48",CVE-2018-8008
"2016-03-03 16:14:48",CVE-2019-0202
"2014-03-24 16:50:30",CVE-2018-1332
"2014-03-24 16:50:30",CVE-2018-8008
"2019-02-21 12:12:15",CVE-2018-1331
"2019-02-21 12:12:15",CVE-2018-1332
"2019-02-21 12:12:15",CVE-2018-8008
"2019-02-21 12:12:15",CVE-2019-0202
"2019-02-21 12:12:15",CVE-2021-38294
"2019-02-21 12:12:15",CVE-2021-40865
"2016-03-20 20:48:50",CVE-2018-1332
"2016-03-20 20:48:50",CVE-2018-8008
"2016-03-20 20:48:50",CVE-2019-0202
"2014-08-11 10:09:11",CVE-2018-1332
"2014-08-11 10:09:11",CVE-2018-8008
"2014-08-11 10:09:11",CVE-2019-0202
"2016-06-25 05:35:45",CVE-2017-9799
"2016-06-25 05:35:45",CVE-2018-1331
"2016-06-25 05:35:45",CVE-2018-1332
"2016-06-25 05:35:45",CVE-2018-8008
"2016-06-25 05:35:45",CVE-2019-0202
"2016-06-25 05:35:45",CVE-2021-38294
"2016-06-25 05:35:45",CVE-2021-40865
"2017-04-22 16:07:38",CVE-2015-3188
"2017-04-22 16:07:38",CVE-2018-1332
"2017-04-22 16:07:38",CVE-2018-8008
"2017-04-22 16:07:38",CVE-2019-0202
"2015-05-06 14:11:58",CVE-2018-1332
"2015-05-06 14:11:58",CVE-2018-8008
"2015-05-06 14:11:58",CVE-2019-0202
"2016-10-18 09:34:34",CVE-2015-3188
"2016-10-18 09:34:34",CVE-2018-1332
"2016-10-18 09:34:34",CVE-2018-8008
"2016-10-18 09:34:34",CVE-2019-0202
"2016-03-09 19:51:55",CVE-2018-1332
"2016-03-09 19:51:55",CVE-2018-8008
"2016-03-09 19:51:55",CVE-2019-0202
"2022-06-21 00:51:01",CVE-2018-11779
"2022-06-21 00:51:01",CVE-2018-1332
"2022-06-21 00:51:01",CVE-2018-8008
"2022-06-21 00:51:01",CVE-2019-0202
"2022-06-21 00:51:01",CVE-2021-38294
"2022-06-21 00:51:01",CVE-2021-40865
"2022-07-01 17:38:38",CVE-2017-9799
"2022-07-01 17:38:38",CVE-2018-1331
"2022-07-01 17:38:38",CVE-2018-1332
"2022-07-01 17:38:38",CVE-2018-8008
"2022-07-01 17:38:38",CVE-2019-0202
"2022-07-01 17:38:38",CVE-2021-38294
"2022-07-01 17:38:38",CVE-2021-40865
"2017-06-25 14:09:32",CVE-2017-9799
"2017-06-25 14:09:32",CVE-2018-1331
"2017-06-25 14:09:32",CVE-2018-1332
"2017-06-25 14:09:32",CVE-2018-8008
"2017-06-25 14:09:32",CVE-2019-0202
"2017-06-25 14:09:32",CVE-2021-38294
"2017-06-25 14:09:32",CVE-2021-40865
"2022-11-04 22:47:50",CVE-2018-11779
"2022-11-04 22:47:50",CVE-2018-1332
"2022-11-04 22:47:50",CVE-2018-8008
"2022-11-04 22:47:50",CVE-2019-0202
"2022-11-04 22:47:50",CVE-2021-38294
"2022-11-04 22:47:50",CVE-2021-40865
"2019-02-13 10:56:18",CVE-2018-1332
"2019-02-13 10:56:18",CVE-2018-8008
"2019-02-13 10:56:18",CVE-2019-0202
"2015-11-19 08:16:54",CVE-2018-1332
"2015-11-19 08:16:54",CVE-2018-8008
"2022-11-04 22:47:50",CVE-2018-11779
"2022-11-04 22:47:50",CVE-2018-1332
"2022-11-04 22:47:50",CVE-2018-8008
"2022-11-04 22:47:50",CVE-2019-0202
"2022-11-04 22:47:50",CVE-2021-38294
"2022-11-04 22:47:50",CVE-2021-40865
"2017-12-19 15:08:24",CVE-2018-1332
"2017-12-19 15:08:24",CVE-2018-8008
"2022-12-16 04:54:28",CVE-2018-1332
"2022-12-16 04:54:28",CVE-2018-8008
"2022-12-16 04:54:28",CVE-2019-0202
"2016-08-28 07:59:52",CVE-2017-9799
"2016-08-28 07:59:52",CVE-2018-1331
"2016-08-28 07:59:52",CVE-2018-1332
"2016-08-28 07:59:52",CVE-2018-8008
"2016-08-28 07:59:52",CVE-2019-0202
"2016-08-28 07:59:52",CVE-2021-38294
"2016-08-28 07:59:52",CVE-2021-40865
"2019-01-27 05:39:58",CVE-2018-1332
"2019-01-27 05:39:58",CVE-2018-8008
"2022-12-16 04:54:26",CVE-2018-1332
"2022-12-16 04:54:26",CVE-2018-8008
"2022-12-16 04:54:26",CVE-2019-0202
"2018-03-26 08:25:33",CVE-2018-1332
"2018-03-26 08:25:33",CVE-2018-8008
"2014-08-05 21:06:53",CVE-2018-1332
"2014-08-05 21:06:53",CVE-2018-8008
"2018-07-14 06:17:31",CVE-2018-1332
"2018-07-14 06:17:31",CVE-2018-8008
"2018-07-10 10:56:54",CVE-2018-1332
"2018-07-10 10:56:54",CVE-2018-8008
"2022-12-16 04:52:56",CVE-2018-1332
"2022-12-16 04:52:56",CVE-2018-8008
"2022-12-16 04:52:56",CVE-2019-0202
"2015-04-11 14:46:18",CVE-2018-1332
"2015-04-11 14:46:18",CVE-2018-8008
"2015-04-11 14:46:18",CVE-2019-0202
"2018-07-02 09:52:37",CVE-2018-1332
"2018-07-02 09:52:37",CVE-2018-8008
"2023-04-02 08:10:01",CVE-2018-1332
"2023-04-02 08:10:01",CVE-2018-8008
"2023-04-02 08:10:01",CVE-2019-0202
"2019-12-16 09:25:01",CVE-2021-38294
"2019-12-16 09:25:01",CVE-2021-40865
"2018-10-17 12:32:43",CVE-2018-11779
"2018-10-17 12:32:43",CVE-2018-1332
"2018-10-17 12:32:43",CVE-2018-8008
"2018-10-17 12:32:43",CVE-2019-0202
"2018-10-17 12:32:43",CVE-2021-38294
"2018-10-17 12:32:43",CVE-2021-40865
"2022-06-21 01:04:33",CVE-2021-38294
"2022-06-21 01:04:33",CVE-2021-40865
"2015-05-28 06:21:09",CVE-2018-1332
"2015-05-28 06:21:09",CVE-2018-8008
"2015-05-28 06:21:09",CVE-2019-0202
"2022-12-14 20:27:22",CVE-2017-9799
"2022-12-14 20:27:22",CVE-2018-1331
"2022-12-14 20:27:22",CVE-2018-1332
"2022-12-14 20:27:22",CVE-2018-8008
"2022-12-14 20:27:22",CVE-2019-0202
"2022-12-14 20:27:22",CVE-2021-38294
"2022-12-14 20:27:22",CVE-2021-40865
"2014-07-08 08:39:20",CVE-2018-1332
"2014-07-08 08:39:20",CVE-2018-8008
"2014-07-08 08:39:20",CVE-2019-0202
"2020-09-24 11:09:42",CVE-2018-11779
"2020-09-24 11:09:42",CVE-2018-1332
"2020-09-24 11:09:42",CVE-2018-8008
"2020-09-24 11:09:42",CVE-2019-0202
"2020-09-24 11:09:42",CVE-2021-38294
"2020-09-24 11:09:42",CVE-2021-40865
"2012-12-10 20:45:45",CVE-2018-1332
"2012-12-10 20:45:45",CVE-2018-8008
"2014-02-09 10:23:40",CVE-2018-1332
"2014-02-09 10:23:40",CVE-2018-8008
"2018-12-16 12:21:19",CVE-2018-11779
"2018-12-16 12:21:19",CVE-2018-1331
"2018-12-16 12:21:19",CVE-2018-1332
"2018-12-16 12:21:19",CVE-2018-8008
"2018-12-16 12:21:19",CVE-2019-0202
"2018-12-16 12:21:19",CVE-2021-38294
"2018-12-16 12:21:19",CVE-2021-40865
"2014-08-28 18:36:26",CVE-2018-1332
"2014-08-28 18:36:26",CVE-2018-8008
"2019-07-30 02:43:38",CVE-2021-38294
"2019-07-30 02:43:38",CVE-2021-40865
"2016-07-29 23:47:02",
"2015-03-10 15:53:57",CVE-2018-1332
"2015-03-10 15:53:57",CVE-2018-8008
"2018-06-26 01:58:54",CVE-2018-1332
"2018-06-26 01:58:54",CVE-2018-8008
"2016-09-25 13:57:57",CVE-2018-1332
"2016-09-25 13:57:57",CVE-2018-8008
"2016-09-25 13:57:57",CVE-2019-0202
"2016-03-09 21:17:34",CVE-2018-1332
"2016-03-09 21:17:34",CVE-2018-8008
"2015-05-16 16:23:55",CVE-2018-1332
"2015-05-16 16:23:55",CVE-2018-8008
"2015-05-16 16:23:55",CVE-2019-0202
"2018-04-06 17:40:18",CVE-2018-11779
"2018-04-06 17:40:18",CVE-2018-1332
"2018-04-06 17:40:18",CVE-2018-8008
"2018-04-06 17:40:18",CVE-2019-0202
"2018-04-06 17:40:18",CVE-2021-38294
"2018-04-06 17:40:18",CVE-2021-40865
"2017-08-31 21:30:13",
"2020-10-12 18:49:20",CVE-2018-1332
"2020-10-12 18:49:20",CVE-2018-8008
"2020-10-12 18:49:20",CVE-2019-0202
"2017-03-06 15:37:01",CVE-2018-1332
"2017-03-06 15:37:01",CVE-2018-8008
"2018-03-06 13:41:07",CVE-2018-11779
"2018-03-06 13:41:07",CVE-2018-1331
"2018-03-06 13:41:07",CVE-2018-1332
"2018-03-06 13:41:07",CVE-2018-8008
"2018-03-06 13:41:07",CVE-2019-0202
"2018-03-06 13:41:07",CVE-2021-38294
"2018-03-06 13:41:07",CVE-2021-40865
"2022-01-11 16:43:07",CVE-2018-1332
"2022-01-11 16:43:07",CVE-2018-8008
"2014-09-14 13:13:38",CVE-2018-1332
"2014-09-14 13:13:38",CVE-2018-8008
"2016-08-17 10:48:32",CVE-2018-1332
"2016-08-17 10:48:32",CVE-2018-8008
"2016-08-17 10:48:32",CVE-2019-0202
"2017-07-20 09:39:15",CVE-2018-1331
"2017-07-20 09:39:15",CVE-2018-1332
"2017-07-20 09:39:15",CVE-2018-8008
"2017-07-20 09:39:15",CVE-2019-0202
"2016-05-18 20:11:55",CVE-2018-1332
"2016-05-18 20:11:55",CVE-2018-8008
"2016-05-18 20:11:55",CVE-2019-0202
"2016-03-09 06:08:25",CVE-2018-1332
"2016-03-09 06:08:25",CVE-2018-8008
"2016-03-09 06:08:25",CVE-2019-0202
"2015-03-24 16:39:08",CVE-2018-1332
"2015-03-24 16:39:08",CVE-2018-8008
"2015-03-24 16:39:08",CVE-2019-0202
"2014-12-16 22:46:11",CVE-2018-1332
"2014-12-16 22:46:11",CVE-2018-8008
"2014-12-16 22:46:11",CVE-2019-0202
"2017-08-19 06:54:55",
"2017-11-21 07:20:15",CVE-2018-11779
"2017-11-21 07:20:15",CVE-2018-1331
"2017-11-21 07:20:15",CVE-2018-1332
"2017-11-21 07:20:15",CVE-2018-8008
"2017-11-21 07:20:15",CVE-2019-0202
"2017-11-21 07:20:15",CVE-2021-38294
"2017-11-21 07:20:15",CVE-2021-40865
"2018-07-22 21:28:38",CVE-2018-11779
"2018-07-22 21:28:38",CVE-2018-1332
"2018-07-22 21:28:38",CVE-2018-8008
"2018-07-22 21:28:38",CVE-2019-0202
"2018-07-22 21:28:38",CVE-2021-38294
"2018-07-22 21:28:38",CVE-2021-40865
"2017-11-30 08:38:42",CVE-2018-1332
"2017-11-30 08:38:42",CVE-2018-8008
"2017-11-30 08:38:42",CVE-2019-0202
"2019-04-14 20:02:20",CVE-2018-1332
"2019-04-14 20:02:20",CVE-2018-8008
"2019-04-14 20:02:20",CVE-2019-0202
"2014-12-16 22:55:54",CVE-2018-1332
"2014-12-16 22:55:54",CVE-2018-8008
"2014-12-16 22:55:54",CVE-2019-0202
"2021-04-23 03:09:29",CVE-2018-1332
"2021-04-23 03:09:29",CVE-2018-8008
"2018-05-05 09:31:37",CVE-2018-11779
"2018-05-05 09:31:37",CVE-2018-1331
"2018-05-05 09:31:37",CVE-2018-1332
"2018-05-05 09:31:37",CVE-2018-8008
"2018-05-05 09:31:37",CVE-2019-0202
"2018-05-05 09:31:37",CVE-2021-38294
"2018-05-05 09:31:37",CVE-2021-40865
"2017-02-09 19:15:30",CVE-2015-3188
"2017-02-09 19:15:30",CVE-2018-1332
"2017-02-09 19:15:30",CVE-2018-8008
"2017-02-09 19:15:30",CVE-2019-0202
"2020-11-22 22:04:20",CVE-2021-38294
"2020-11-22 22:04:20",CVE-2021-40865
"2021-02-06 12:48:07",CVE-2021-38294
"2021-02-06 12:48:07",CVE-2021-40865
"2014-04-09 21:02:29",CVE-2018-1332
"2014-04-09 21:02:29",CVE-2018-8008
"2022-12-14 20:45:57",CVE-2021-38294
"2022-12-14 20:45:57",CVE-2021-40865
"2014-04-15 16:20:41",CVE-2018-1332
"2014-04-15 16:20:41",CVE-2018-8008
"2020-11-27 21:56:22",CVE-2018-11779
"2020-11-27 21:56:22",CVE-2019-0202
"2020-11-27 21:56:22",CVE-2021-38294
"2020-11-27 21:56:22",CVE-2021-40865
"2014-02-19 21:00:11",CVE-2018-1332
"2014-02-19 21:00:11",CVE-2018-8008
"2014-10-12 12:53:20",CVE-2018-1332
"2014-10-12 12:53:20",CVE-2018-8008
"2014-10-12 12:53:20",CVE-2019-0202
"2018-09-24 09:54:28",CVE-2015-3188
"2018-09-24 09:54:28",CVE-2018-1332
"2018-09-24 09:54:28",CVE-2018-8008
"2018-09-24 09:54:28",CVE-2019-0202
"2016-04-03 11:16:58",CVE-2015-3188
"2016-04-03 11:16:58",CVE-2018-1332
"2016-04-03 11:16:58",CVE-2018-8008
"2016-04-03 11:16:58",CVE-2019-0202
"2016-08-17 14:55:03",CVE-2017-9799
"2016-08-17 14:55:03",CVE-2018-1331
"2016-08-17 14:55:03",CVE-2018-1332
"2016-08-17 14:55:03",CVE-2018-8008
"2016-08-17 14:55:03",CVE-2019-0202
"2016-08-17 14:55:03",CVE-2021-38294
"2016-08-17 14:55:03",CVE-2021-40865
"2019-03-27 17:07:56",CVE-2018-11779
"2019-03-27 17:07:56",CVE-2019-0202
"2019-03-27 17:07:56",CVE-2021-38294
"2019-03-27 17:07:56",CVE-2021-40865
"2016-03-09 21:05:13",CVE-2018-1332
"2016-03-09 21:05:13",CVE-2018-8008
"2017-12-22 01:44:21",CVE-2018-1332
"2017-12-22 01:44:21",CVE-2018-8008
"2017-01-31 02:43:24",CVE-2018-1332
"2017-01-31 02:43:24",CVE-2018-8008
"2017-06-28 16:18:39",CVE-2018-11779
"2017-06-28 16:18:39",CVE-2018-1332
"2017-06-28 16:18:39",CVE-2018-8008
"2017-06-28 16:18:39",CVE-2019-0202
"2017-06-28 16:18:39",CVE-2021-38294
"2017-06-28 16:18:39",CVE-2021-40865
"2015-03-19 22:52:08",CVE-2018-1332
"2015-03-19 22:52:08",CVE-2018-8008
"2016-01-12 12:05:35",CVE-2015-3188
"2016-01-12 12:05:35",CVE-2018-1332
"2016-01-12 12:05:35",CVE-2018-8008
"2016-01-12 12:05:35",CVE-2019-0202
"2020-05-30 09:29:10",CVE-2021-38294
"2020-05-30 09:29:10",CVE-2021-40865
"2015-08-27 19:53:26",CVE-2018-1332
"2015-08-27 19:53:26",CVE-2018-8008
"2015-08-27 19:53:26",CVE-2019-0202
"2014-12-08 15:40:21",CVE-2018-1332
"2014-12-08 15:40:21",CVE-2018-8008
"2014-12-08 15:40:21",CVE-2019-0202
"2014-07-22 09:02:01",CVE-2018-1332
"2014-07-22 09:02:01",CVE-2018-8008
"2014-07-22 09:02:01",CVE-2019-0202
"2016-11-04 11:22:49",CVE-2017-9799
"2016-11-04 11:22:49",CVE-2018-1331
"2016-11-04 11:22:49",CVE-2018-1332
"2016-11-04 11:22:49",CVE-2018-8008
"2016-11-04 11:22:49",CVE-2019-0202
"2016-11-04 11:22:49",CVE-2021-38294
"2016-11-04 11:22:49",CVE-2021-40865
"2018-10-16 17:51:53",CVE-2018-11779
"2018-10-16 17:51:53",CVE-2019-0202
"2018-10-16 17:51:53",CVE-2021-38294
"2018-10-16 17:51:53",CVE-2021-40865
"2014-10-13 11:00:25",CVE-2018-1332
"2014-10-13 11:00:25",CVE-2018-8008
"2014-10-13 11:00:25",CVE-2019-0202
"2016-03-08 15:56:56",CVE-2018-1332
"2016-03-08 15:56:56",CVE-2018-8008
"2016-03-08 15:56:56",CVE-2019-0202
"2015-01-07 08:10:36",CVE-2018-1332
"2015-01-07 08:10:36",CVE-2018-8008
"2014-09-11 15:39:45",CVE-2018-1332
"2014-09-11 15:39:45",CVE-2018-8008
"2018-05-29 09:48:22",CVE-2018-1331
"2018-05-29 09:48:22",CVE-2018-1332
"2018-05-29 09:48:22",CVE-2018-8008
"2018-05-29 09:48:22",CVE-2019-0202
"2018-05-29 09:48:22",CVE-2021-38294
"2018-05-29 09:48:22",CVE-2021-40865
"2022-07-11 04:34:18",CVE-2021-38294
"2022-07-11 04:34:18",CVE-2021-40865
"2022-10-02 15:49:53",CVE-2018-1332
"2022-10-02 15:49:53",CVE-2018-8008
"2022-10-02 15:49:53",CVE-2019-0202
"2022-09-01 23:07:18",CVE-2018-11779
"2022-09-01 23:07:18",CVE-2019-0202
"2022-09-01 23:07:18",CVE-2021-38294
"2022-09-01 23:07:18",CVE-2021-40865
"2014-10-13 11:27:46",CVE-2018-1332
"2014-10-13 11:27:46",CVE-2018-8008
"2014-10-13 11:27:46",CVE-2019-0202
"2015-10-09 12:59:32",CVE-2015-3188
"2015-10-09 12:59:32",CVE-2018-1332
"2015-10-09 12:59:32",CVE-2018-8008
"2015-10-09 12:59:32",CVE-2019-0202
"2017-03-23 07:45:13",CVE-2018-1332
"2017-03-23 07:45:13",CVE-2018-8008
"2022-05-20 22:04:26",CVE-2018-11779
"2022-05-20 22:04:26",CVE-2018-1332
"2022-05-20 22:04:26",CVE-2018-8008
"2022-05-20 22:04:26",CVE-2019-0202
"2022-05-20 22:04:26",CVE-2021-38294
"2022-05-20 22:04:26",CVE-2021-40865
"2018-07-08 14:53:26",CVE-2018-1332
"2018-07-08 14:53:26",CVE-2018-8008
"2018-07-08 14:53:26",CVE-2019-0202
"2022-12-28 18:34:52",CVE-2018-1332
"2022-12-28 18:34:52",CVE-2018-8008
"2022-12-28 18:34:52",CVE-2019-0202
"2014-07-11 14:30:25",CVE-2018-1332
"2014-07-11 14:30:25",CVE-2018-8008
"2018-04-04 08:13:27",CVE-2018-1332
"2018-04-04 08:13:27",CVE-2018-8008
"2016-12-19 09:47:14",CVE-2017-9799
"2016-12-19 09:47:14",CVE-2018-1331
"2016-12-19 09:47:14",CVE-2018-1332
"2016-12-19 09:47:14",CVE-2018-8008
"2016-12-19 09:47:14",CVE-2019-0202
"2016-12-19 09:47:14",CVE-2021-38294
"2016-12-19 09:47:14",CVE-2021-40865
"2015-03-27 17:17:18",CVE-2018-1332
"2015-03-27 17:17:18",CVE-2018-8008
"2016-06-16 08:41:29",CVE-2015-3188
"2016-06-16 08:41:29",CVE-2018-1332
"2016-06-16 08:41:29",CVE-2018-8008
"2016-06-16 08:41:29",CVE-2019-0202
"2021-02-08 02:21:20",CVE-2017-9799
"2021-02-08 02:21:20",CVE-2018-1331
"2021-02-08 02:21:20",CVE-2018-1332
"2021-02-08 02:21:20",CVE-2018-8008
"2021-02-08 02:21:20",CVE-2019-0202
"2021-02-08 02:21:20",CVE-2021-38294
"2021-02-08 02:21:20",CVE-2021-40865
"2023-03-21 19:35:37",CVE-2018-1332
"2023-03-21 19:35:37",CVE-2018-8008
"2023-03-21 19:35:37",CVE-2019-0202
"2014-09-19 20:55:20",CVE-2018-1332
"2014-09-19 20:55:20",CVE-2018-8008
"2016-10-31 12:59:49",CVE-2018-1332
"2016-10-31 12:59:49",CVE-2018-8008
"2016-10-31 12:59:49",CVE-2019-0202
"2019-02-13 05:10:38",CVE-2018-11779
"2019-02-13 05:10:38",CVE-2018-1332
"2019-02-13 05:10:38",CVE-2018-8008
"2019-02-13 05:10:38",CVE-2019-0202
"2019-02-13 05:10:38",CVE-2021-38294
"2019-02-13 05:10:38",CVE-2021-40865
"2018-04-16 12:56:17",CVE-2017-9799
"2018-04-16 12:56:17",CVE-2018-1331
"2018-04-16 12:56:17",CVE-2018-1332
"2018-04-16 12:56:17",CVE-2018-8008
"2018-04-16 12:56:17",CVE-2019-0202
"2018-04-16 12:56:17",CVE-2021-38294
"2018-04-16 12:56:17",CVE-2021-40865
"2016-04-04 14:05:05",CVE-2015-3188
"2016-04-04 14:05:05",CVE-2018-1332
"2016-04-04 14:05:05",CVE-2018-8008
"2016-04-04 14:05:05",CVE-2019-0202
"2016-01-14 23:15:09",CVE-2015-3188
"2016-01-14 23:15:09",CVE-2018-1332
"2016-01-14 23:15:09",CVE-2018-8008
"2016-01-14 23:15:09",CVE-2019-0202
"2016-05-30 10:00:00",CVE-2017-9799
"2016-05-30 10:00:00",CVE-2018-1331
"2016-05-30 10:00:00",CVE-2018-1332
"2016-05-30 10:00:00",CVE-2018-8008
"2016-05-30 10:00:00",CVE-2019-0202
"2016-05-30 10:00:00",CVE-2021-38294
"2016-05-30 10:00:00",CVE-2021-40865
"2014-12-16 14:26:08",CVE-2018-1332
"2014-12-16 14:26:08",CVE-2018-8008
"2014-12-16 14:26:08",CVE-2019-0202
"2023-03-18 17:53:39",CVE-2018-1332
"2023-03-18 17:53:39",CVE-2018-8008
"2023-03-18 17:53:39",CVE-2019-0202
"2022-06-21 00:50:47",CVE-2018-11779
"2022-06-21 00:50:47",CVE-2018-1332
"2022-06-21 00:50:47",CVE-2018-8008
"2022-06-21 00:50:47",CVE-2019-0202
"2022-06-21 00:50:47",CVE-2021-38294
"2022-06-21 00:50:47",CVE-2021-40865
"2017-09-20 09:32:21",CVE-2018-1332
"2017-09-20 09:32:21",CVE-2018-8008
"2022-11-04 22:39:45",CVE-2015-3188
"2022-11-04 22:39:45",CVE-2018-1332
"2022-11-04 22:39:45",CVE-2018-8008
"2022-11-04 22:39:45",CVE-2019-0202
"2022-10-05 04:26:26",CVE-2015-3188
"2022-10-05 04:26:26",CVE-2018-1332
"2022-10-05 04:26:26",CVE-2018-8008
"2022-10-05 04:26:26",CVE-2019-0202
"2020-06-08 20:58:22",CVE-2021-38294
"2020-06-08 20:58:22",CVE-2021-40865
"2013-07-08 21:19:05",CVE-2018-1332
"2013-07-08 21:19:05",CVE-2018-8008
"2018-03-24 09:17:13",CVE-2018-11779
"2018-03-24 09:17:13",CVE-2018-1331
"2018-03-24 09:17:13",CVE-2018-1332
"2018-03-24 09:17:13",CVE-2018-8008
"2018-03-24 09:17:13",CVE-2019-0202
"2018-03-24 09:17:13",CVE-2021-38294
"2018-03-24 09:17:13",CVE-2021-40865
"2014-02-24 03:54:19",CVE-2018-1332
"2014-02-24 03:54:19",CVE-2018-8008
"2016-03-09 08:57:51",CVE-2018-1332
"2016-03-09 08:57:51",CVE-2018-8008
"2016-03-09 08:57:51",CVE-2019-0202
"2017-03-19 21:07:03",CVE-2017-9799
"2017-03-19 21:07:03",CVE-2018-1331
"2017-03-19 21:07:03",CVE-2018-1332
"2017-03-19 21:07:03",CVE-2018-8008
"2017-03-19 21:07:03",CVE-2019-0202
"2017-03-19 21:07:03",CVE-2021-38294
"2017-03-19 21:07:03",CVE-2021-40865
"2022-11-16 04:54:22",CVE-2017-9799
"2022-11-16 04:54:22",CVE-2018-1331
"2022-11-16 04:54:22",CVE-2018-1332
"2022-11-16 04:54:22",CVE-2018-8008
"2022-11-16 04:54:22",CVE-2019-0202
"2022-11-16 04:54:22",CVE-2021-38294
"2022-11-16 04:54:22",CVE-2021-40865
"2018-03-22 02:51:53",CVE-2018-1331
"2018-03-22 02:51:53",CVE-2018-1332
"2018-03-22 02:51:53",CVE-2018-8008
"2018-03-22 02:51:53",CVE-2019-0202
"2018-03-22 02:51:53",CVE-2021-38294
"2018-03-22 02:51:53",CVE-2021-40865
"2022-12-16 04:53:22",CVE-2018-1332
"2022-12-16 04:53:22",CVE-2018-8008
"2022-12-16 04:53:22",CVE-2019-0202
"2018-02-14 16:25:35",CVE-2018-11779
"2018-02-14 16:25:35",CVE-2018-1331
"2018-02-14 16:25:35",CVE-2018-1332
"2018-02-14 16:25:35",CVE-2018-8008
"2018-02-14 16:25:35",CVE-2019-0202
"2018-02-14 16:25:35",CVE-2021-38294
"2018-02-14 16:25:35",CVE-2021-40865
"2015-06-24 00:39:15",CVE-2018-1332
"2015-06-24 00:39:15",CVE-2018-8008
"2015-06-24 00:39:15",CVE-2019-0202
"2017-01-18 18:01:28",CVE-2017-9799
"2017-01-18 18:01:28",CVE-2018-1331
"2017-01-18 18:01:28",CVE-2018-1332
"2017-01-18 18:01:28",CVE-2018-8008
"2017-01-18 18:01:28",CVE-2019-0202
"2017-01-18 18:01:28",CVE-2021-38294
"2017-01-18 18:01:28",CVE-2021-40865
"2014-06-13 20:36:55",CVE-2018-1332
"2014-06-13 20:36:55",CVE-2018-8008
"2012-10-30 14:32:11",CVE-2018-1332
"2012-10-30 14:32:11",CVE-2018-8008
"2014-10-21 12:02:21",CVE-2018-1332
"2014-10-21 12:02:21",CVE-2018-8008
"2017-07-10 14:16:53",CVE-2018-1331
"2017-07-10 14:16:53",CVE-2018-1332
"2017-07-10 14:16:53",CVE-2018-8008
"2017-07-10 14:16:53",CVE-2019-0202
"2017-07-10 14:16:53",CVE-2021-38294
"2017-07-10 14:16:53",CVE-2021-40865
"2017-01-20 22:06:34",CVE-2017-9799
"2017-01-20 22:06:34",CVE-2018-1331
"2017-01-20 22:06:34",CVE-2018-1332
"2017-01-20 22:06:34",CVE-2018-8008
"2017-01-20 22:06:34",CVE-2019-0202
"2017-01-20 22:06:34",CVE-2021-38294
"2017-01-20 22:06:34",CVE-2021-40865
"2014-09-24 09:52:13",CVE-2018-1332
"2014-09-24 09:52:13",CVE-2018-8008
"2014-09-24 09:52:13",CVE-2019-0202
"2022-10-07 14:56:10",CVE-2017-9799
"2022-10-07 14:56:10",CVE-2018-1331
"2022-10-07 14:56:10",CVE-2018-1332
"2022-10-07 14:56:10",CVE-2018-8008
"2022-10-07 14:56:10",CVE-2019-0202
"2022-10-07 14:56:10",CVE-2021-38294
"2022-10-07 14:56:10",CVE-2021-40865
"2016-06-23 02:11:59",CVE-2017-9799
"2016-06-23 02:11:59",CVE-2018-1331
"2016-06-23 02:11:59",CVE-2018-1332
"2016-06-23 02:11:59",CVE-2018-8008
"2016-06-23 02:11:59",CVE-2019-0202
"2016-06-23 02:11:59",CVE-2021-38294
"2016-06-23 02:11:59",CVE-2021-40865
"2022-11-04 22:48:06",CVE-2018-11779
"2022-11-04 22:48:06",CVE-2018-1332
"2022-11-04 22:48:06",CVE-2018-8008
"2022-11-04 22:48:06",CVE-2019-0202
"2022-11-04 22:48:06",CVE-2021-38294
"2022-11-04 22:48:06",CVE-2021-40865
"2021-01-08 19:13:03",CVE-2021-38294
"2021-01-08 19:13:03",CVE-2021-40865
"2018-04-20 05:14:38",CVE-2017-9799
"2018-04-20 05:14:38",CVE-2018-1331
"2018-04-20 05:14:38",CVE-2018-1332
"2018-04-20 05:14:38",CVE-2018-8008
"2018-04-20 05:14:38",CVE-2019-0202
"2018-04-20 05:14:38",CVE-2021-38294
"2018-04-20 05:14:38",CVE-2021-40865
"2017-06-27 02:22:37",
"2014-08-06 16:50:29",CVE-2018-1332
"2014-08-06 16:50:29",CVE-2018-8008
"2014-08-06 16:50:29",CVE-2019-0202
"2016-09-10 06:56:38",CVE-2018-1332
"2016-09-10 06:56:38",CVE-2018-8008
"2016-09-10 06:56:38",CVE-2019-0202
"2015-12-24 08:25:57",CVE-2018-1331
"2015-12-24 08:25:57",CVE-2018-1332
"2015-12-24 08:25:57",CVE-2018-8008
"2015-12-24 08:25:57",CVE-2019-0202
"2015-12-24 08:25:57",CVE-2021-38294
"2015-12-24 08:25:57",CVE-2021-40865
"2014-11-14 18:11:53",CVE-2018-1332
"2014-11-14 18:11:53",CVE-2018-8008
"2015-01-10 13:40:15",CVE-2018-1332
"2015-01-10 13:40:15",CVE-2018-8008
"2015-01-10 13:40:15",CVE-2019-0202
"2019-02-14 10:31:48",CVE-2018-11779
"2019-02-14 10:31:48",CVE-2018-1332
"2019-02-14 10:31:48",CVE-2018-8008
"2019-02-14 10:31:48",CVE-2019-0202
"2019-02-14 10:31:48",CVE-2021-38294
"2019-02-14 10:31:48",CVE-2021-40865
"2015-07-31 09:37:13",CVE-2018-1332
"2015-07-31 09:37:13",CVE-2018-8008
"2015-07-31 09:37:13",CVE-2019-0202
"2017-07-25 11:52:41",CVE-2018-1332
"2017-07-25 11:52:41",CVE-2018-8008
"2017-07-25 11:52:41",CVE-2019-0202
"2016-07-18 23:45:51",CVE-2017-9799
"2016-07-18 23:45:51",CVE-2018-1331
"2016-07-18 23:45:51",CVE-2018-1332
"2016-07-18 23:45:51",CVE-2018-8008
"2016-07-18 23:45:51",CVE-2019-0202
"2016-07-18 23:45:51",CVE-2021-38294
"2016-07-18 23:45:51",CVE-2021-40865
"2021-06-24 22:34:39",CVE-2021-38294
"2021-06-24 22:34:39",CVE-2021-40865
"2015-07-09 09:47:42",CVE-2018-1332
"2015-07-09 09:47:42",CVE-2018-8008
"2015-07-09 09:47:42",CVE-2019-0202
"2015-07-03 02:32:49",CVE-2018-1332
"2015-07-03 02:32:49",CVE-2018-8008
"2015-07-03 02:32:49",CVE-2019-0202
"2022-12-27 14:42:22",CVE-2018-1332
"2022-12-27 14:42:22",CVE-2018-8008
"2022-12-27 14:42:22",CVE-2019-0202
"2022-12-10 19:59:59",CVE-2018-1332
"2022-12-10 19:59:59",CVE-2018-8008
"2022-12-10 19:59:59",CVE-2019-0202
"2015-08-25 18:57:24",CVE-2015-3188
"2015-08-25 18:57:24",CVE-2018-1332
"2015-08-25 18:57:24",CVE-2018-8008
"2015-08-25 18:57:24",CVE-2019-0202
"2015-04-13 07:52:40",CVE-2018-1332
"2015-04-13 07:52:40",CVE-2018-8008
"2015-04-13 07:52:40",CVE-2019-0202
"2015-03-24 17:50:57",CVE-2018-1332
"2015-03-24 17:50:57",CVE-2018-8008
"2015-03-24 17:50:57",CVE-2019-0202
"2017-11-21 04:58:54",CVE-2018-1332
"2017-11-21 04:58:54",CVE-2018-8008
"2015-05-01 19:38:42",CVE-2018-1332
"2015-05-01 19:38:42",CVE-2018-8008
"2016-09-11 10:06:23",CVE-2018-1332
"2016-09-11 10:06:23",CVE-2018-8008
"2016-09-11 10:06:23",CVE-2019-0202
"2020-03-30 11:48:19",CVE-2018-11779
"2020-03-30 11:48:19",CVE-2019-0202
"2020-03-30 11:48:19",CVE-2021-38294
"2020-03-30 11:48:19",CVE-2021-40865
"2017-02-05 14:13:43",CVE-2018-1332
"2017-02-05 14:13:43",CVE-2018-8008
"2022-03-10 17:48:42",CVE-2018-1331
"2022-03-10 17:48:42",CVE-2018-1332
"2022-03-10 17:48:42",CVE-2018-8008
"2022-03-10 17:48:42",CVE-2019-0202
"2022-03-10 17:48:42",CVE-2021-38294
"2022-03-10 17:48:42",CVE-2021-40865
"2019-09-17 08:01:19",CVE-2018-1332
"2019-09-17 08:01:19",CVE-2018-8008
"2015-06-30 22:56:57",CVE-2018-1332
"2015-06-30 22:56:57",CVE-2018-8008
"2015-06-30 22:56:57",CVE-2019-0202
"2014-11-27 09:48:27",CVE-2018-1332
"2014-11-27 09:48:27",CVE-2018-8008
"2014-11-27 09:48:27",CVE-2019-0202
"2014-05-30 03:49:24",CVE-2018-1332
"2014-05-30 03:49:24",CVE-2018-8008
"2014-05-30 03:49:24",CVE-2019-0202
"2017-01-30 08:28:04",CVE-2017-9799
"2017-01-30 08:28:04",CVE-2018-1331
"2017-01-30 08:28:04",CVE-2018-1332
"2017-01-30 08:28:04",CVE-2018-8008
"2017-01-30 08:28:04",CVE-2019-0202
"2017-01-30 08:28:04",CVE-2021-38294
"2017-01-30 08:28:04",CVE-2021-40865
"2022-03-10 17:47:48",CVE-2018-1332
"2022-03-10 17:47:48",CVE-2018-8008
"2022-03-10 17:47:48",CVE-2019-0202
"2016-08-12 14:43:19",CVE-2018-1332
"2016-08-12 14:43:19",CVE-2018-8008
"2014-11-13 07:53:46",CVE-2018-1332
"2014-11-13 07:53:46",CVE-2018-8008
"2014-11-13 07:53:46",CVE-2019-0202
"2016-03-09 23:42:18",CVE-2018-1332
"2016-03-09 23:42:18",CVE-2018-8008
"2017-12-06 19:04:10",CVE-2018-11779
"2017-12-06 19:04:10",CVE-2018-1332
"2017-12-06 19:04:10",CVE-2018-8008
"2017-12-06 19:04:10",CVE-2019-0202
"2017-12-06 19:04:10",CVE-2021-38294
"2017-12-06 19:04:10",CVE-2021-40865
"2017-02-21 09:40:34",CVE-2018-1332
"2017-02-21 09:40:34",CVE-2018-8008
"2017-02-21 09:40:34",CVE-2019-0202
"2022-12-16 04:54:22",CVE-2018-1332
"2022-12-16 04:54:22",CVE-2018-8008
"2022-12-16 04:54:22",CVE-2019-0202
"2018-06-01 09:52:15",CVE-2018-11779
"2018-06-01 09:52:15",CVE-2018-1331
"2018-06-01 09:52:15",CVE-2018-1332
"2018-06-01 09:52:15",CVE-2018-8008
"2018-06-01 09:52:15",CVE-2019-0202
"2018-06-01 09:52:15",CVE-2021-38294
"2018-06-01 09:52:15",CVE-2021-40865
"2019-10-01 12:54:24",
"2015-07-08 17:53:56",CVE-2018-1332
"2015-07-08 17:53:56",CVE-2018-8008
"2015-07-08 17:53:56",CVE-2019-0202
"2022-01-04 15:34:50",CVE-2018-11779
"2022-01-04 15:34:50",CVE-2018-1332
"2022-01-04 15:34:50",CVE-2018-8008
"2022-01-04 15:34:50",CVE-2019-0202
"2022-01-04 15:34:50",CVE-2021-38294
"2022-01-04 15:34:50",CVE-2021-40865
"2017-03-18 09:47:42",CVE-2018-1332
"2017-03-18 09:47:42",CVE-2018-8008
"2017-03-18 09:47:42",CVE-2019-0202
"2020-10-13 08:31:00",CVE-2018-11779
"2020-10-13 08:31:00",CVE-2018-1332
"2020-10-13 08:31:00",CVE-2018-8008
"2020-10-13 08:31:00",CVE-2019-0202
"2020-10-13 08:31:00",CVE-2021-38294
"2020-10-13 08:31:00",CVE-2021-40865
"2018-04-14 16:48:54",CVE-2018-1332
"2018-04-14 16:48:54",CVE-2018-8008
"2016-05-05 19:05:02",CVE-2015-3188
"2016-05-05 19:05:02",CVE-2018-1332
"2016-05-05 19:05:02",CVE-2018-8008
"2016-05-05 19:05:02",CVE-2019-0202
"2018-03-15 10:18:31",CVE-2018-1332
"2018-03-15 10:18:31",CVE-2018-8008
"2016-09-27 03:07:44",CVE-2018-1332
"2016-09-27 03:07:44",CVE-2018-8008
"2016-09-27 03:07:44",CVE-2019-0202
"2018-04-27 16:27:50",CVE-2017-9799
"2018-04-27 16:27:50",CVE-2018-1331
"2018-04-27 16:27:50",CVE-2018-1332
"2018-04-27 16:27:50",CVE-2018-8008
"2018-04-27 16:27:50",CVE-2019-0202
"2018-04-27 16:27:50",CVE-2021-38294
"2018-04-27 16:27:50",CVE-2021-40865
"2016-03-09 09:07:55",CVE-2018-1332
"2016-03-09 09:07:55",CVE-2018-8008
"2016-03-09 09:07:55",CVE-2019-0202
"2016-06-28 20:48:17",CVE-2018-1332
"2016-06-28 20:48:17",CVE-2018-8008
"2016-06-28 20:48:17",CVE-2019-0202
"2016-02-29 05:55:29",CVE-2018-1332
"2016-02-29 05:55:29",CVE-2018-8008
"2016-02-29 05:55:29",CVE-2019-0202
"2017-10-31 08:40:15",CVE-2018-1331
"2017-10-31 08:40:15",CVE-2018-1332
"2017-10-31 08:40:15",CVE-2018-8008
"2017-10-31 08:40:15",CVE-2019-0202
"2017-11-21 12:16:59",CVE-2018-1332
"2017-11-21 12:16:59",CVE-2018-8008
"2016-04-01 08:14:42",CVE-2018-1332
"2016-04-01 08:14:42",CVE-2018-8008
"2016-04-01 08:14:42",CVE-2019-0202
"2022-12-10 08:51:40",CVE-2018-1331
"2022-12-10 08:51:40",CVE-2018-1332
"2022-12-10 08:51:40",CVE-2018-8008
"2022-12-10 08:51:40",CVE-2019-0202
"2016-03-09 01:33:24",CVE-2018-1332
"2016-03-09 01:33:24",CVE-2018-8008
"2016-03-09 01:33:24",CVE-2019-0202
"2016-03-09 06:08:15",CVE-2015-3188
"2016-03-09 06:08:15",CVE-2018-1332
"2016-03-09 06:08:15",CVE-2018-8008
"2016-03-09 06:08:15",CVE-2019-0202
"2014-12-17 09:42:40",CVE-2018-1332
"2014-12-17 09:42:40",CVE-2018-8008
"2014-12-17 09:42:40",CVE-2019-0202
"2016-08-25 12:39:55",CVE-2015-3188
"2016-08-25 12:39:55",CVE-2018-1332
"2016-08-25 12:39:55",CVE-2018-8008
"2016-08-25 12:39:55",CVE-2019-0202
"2017-06-07 14:13:34",CVE-2017-9799
"2017-06-07 14:13:34",CVE-2018-1331
"2017-06-07 14:13:34",CVE-2018-1332
"2017-06-07 14:13:34",CVE-2018-8008
"2017-06-07 14:13:34",CVE-2019-0202
"2017-06-07 14:13:34",CVE-2021-38294
"2017-06-07 14:13:34",CVE-2021-40865
"2022-04-12 21:54:14",CVE-2018-1332
"2022-04-12 21:54:14",CVE-2018-8008
"2022-04-12 21:54:14",CVE-2019-0202
"2019-01-31 08:24:19",CVE-2018-11779
"2019-01-31 08:24:19",CVE-2018-1332
"2019-01-31 08:24:19",CVE-2018-8008
"2019-01-31 08:24:19",CVE-2019-0202
"2019-01-31 08:24:19",CVE-2021-38294
"2019-01-31 08:24:19",CVE-2021-40865
"2018-01-24 12:43:34",CVE-2018-1332
"2018-01-24 12:43:34",CVE-2018-8008
"2017-11-21 09:38:37",CVE-2018-1332
"2017-11-21 09:38:37",CVE-2018-8008
"2016-11-10 12:51:04",CVE-2018-1332
"2016-11-10 12:51:04",CVE-2018-8008
"2016-11-10 12:51:04",CVE-2019-0202
"2016-03-09 16:55:49",CVE-2018-1332
"2016-03-09 16:55:49",CVE-2018-8008
"2017-03-07 00:03:27",CVE-2018-1332
"2017-03-07 00:03:27",CVE-2018-8008
"2015-04-03 03:30:50",CVE-2018-1332
"2015-04-03 03:30:50",CVE-2018-8008
"2015-04-03 03:30:50",CVE-2019-0202
"2016-06-14 13:34:00",CVE-2017-9799
"2016-06-14 13:34:00",CVE-2018-1331
"2016-06-14 13:34:00",CVE-2018-1332
"2016-06-14 13:34:00",CVE-2018-8008
"2016-06-14 13:34:00",CVE-2019-0202
"2016-06-14 13:34:00",CVE-2021-38294
"2016-06-14 13:34:00",CVE-2021-40865
"2016-03-15 19:07:36",CVE-2018-1332
"2016-03-15 19:07:36",CVE-2018-8008
"2022-11-16 05:23:01",CVE-2021-38294
"2022-11-16 05:23:01",CVE-2021-40865
"2021-06-24 08:01:04",CVE-2018-1332
"2021-06-24 08:01:04",CVE-2018-8008
"2019-05-14 07:19:17",CVE-2018-11779
"2019-05-14 07:19:17",CVE-2019-0202
"2019-05-14 07:19:17",CVE-2021-38294
"2019-05-14 07:19:17",CVE-2021-40865
"2016-03-09 21:17:55",CVE-2018-1332
"2016-03-09 21:17:55",CVE-2018-8008
"2017-05-04 07:54:36",CVE-2018-11779
"2017-05-04 07:54:36",CVE-2018-1332
"2017-05-04 07:54:36",CVE-2018-8008
"2017-05-04 07:54:36",CVE-2019-0202
"2017-05-04 07:54:36",CVE-2021-38294
"2017-05-04 07:54:36",CVE-2021-40865
"2022-06-28 22:42:57",CVE-2018-1332
"2022-06-28 22:42:57",CVE-2018-8008
"2022-06-28 22:42:57",CVE-2019-0202
"2016-03-09 23:41:58",CVE-2018-1332
"2016-03-09 23:41:58",CVE-2018-8008
"2016-03-09 23:41:58",CVE-2019-0202
"2015-06-20 14:44:28",CVE-2018-1332
"2015-06-20 14:44:28",CVE-2018-8008
"2015-06-20 14:44:28",CVE-2019-0202
"2018-02-09 17:20:02",CVE-2018-1332
"2018-02-09 17:20:02",CVE-2018-8008
"2018-02-09 17:20:02",CVE-2019-0202
"2019-05-18 05:45:33",CVE-2017-9799
"2019-05-18 05:45:33",CVE-2018-1331
"2019-05-18 05:45:33",CVE-2018-1332
"2019-05-18 05:45:33",CVE-2018-8008
"2019-05-18 05:45:33",CVE-2019-0202
"2019-05-18 05:45:33",CVE-2021-38294
"2019-05-18 05:45:33",CVE-2021-40865
"2019-03-25 12:41:20",CVE-2017-9799
"2019-03-25 12:41:20",CVE-2018-1331
"2019-03-25 12:41:20",CVE-2018-1332
"2019-03-25 12:41:20",CVE-2018-8008
"2019-03-25 12:41:20",CVE-2019-0202
"2019-03-25 12:41:20",CVE-2021-38294
"2019-03-25 12:41:20",CVE-2021-40865
"2021-06-03 13:55:48",CVE-2018-1332
"2021-06-03 13:55:48",CVE-2018-8008
"2020-01-31 18:25:38",CVE-2018-1332
"2020-01-31 18:25:38",CVE-2018-8008
